18.546070621264,-12.046239084175587,0.0
44.745495990496096,-19.493027560587276,0.0
0.32004263196649657,8.459712861638735,0.0
95.12438172925587,-71.46475918533656,0.0
8.63366111507831,-62.18260618596852,0.0
-0.39592406301817734,59.77572502840795,0.0
11.569766439520626,98.07242178881786,0.0
-40.15297181290096,79.78201720451223,0.0
-36.5554196869321,-11.01382134902498,0.0
-46.61164160099496,-129.72659343473552,0.0
97.39743551593448,-54.41960676576387,0.0
-44.016167598282166,0.8135872797777157,0.0
12.046826844479877,139.94889010611675,0.0
-83.70241591156233,-20.610699193095385,0.0
47.52598728980447,-7.175363403429996,0.0
-21.3435268558036,-6.585559330349137,0.0
17.6153763888028,-28.431565367469673,0.0
-7.826813008091049,8.462365136191332,0.0
175.19253825150113,42.01442597444862,0.0
-22.274695994680933,-40.131351859110666,0.0
21.989680535618028,42.23242321545963,0.0
-58.3769260283248,152.56188694256636,0.0
-17.36795559757118,57.30733931154496,0.0
18.285168021824084,30.880778816609887,0.0
-50.44532149152465,31.194040938396494,0.0
-24.236474157824,-117.8203323698015,0.0
47.99528962962322,-76.35913626046263,0.0
0.7225903713727159,-46.937120012979456,0.0
-23.76225149117512,27.275412363402427,0.0
61.77968951773715,19.304797923732863,0.0
-26.01584103131403,99.2336706626239,0.0
-31.169125977054073,145.69811159223943,0.0
-3.858721266797703,101.66270239838553,0.0
87.56086461969463,58.345360404942525,0.0
31.51856750240915,-27.229117000222306,0.0
-23.66560961903381,-16.969513316261953,0.0
-66.08213558950665,187.6326952729138,0.0
-28.70921191393262,21.89469266322556,0.0
-101.71311298485178,-6.077758305995282,0.0
16.798895827761378,72.37428909351823,0.0
-58.08272851377973,12.11448388657707,0.0
-5.899645772325328,27.53237597323987,0.0
-1.5529968156160956,112.61375646119586,0.0
21.81509506885374,-37.916670394381526,0.0
-54.64926081788997,54.53059652422433,0.0
10.409931645489825,43.365093799846925,0.0
106.0124992886951,38.61109055057287,0.0
-34.80295237831885,76.36726700956974,0.0
38.369281127588984,4.422049074624374,0.0
52.590771273763046,80.77573544730858,0.0
-50.59570193375058,-34.73980984155685,0.0
4.1819064132109105,-44.115110546983715,0.0
51.23757419547743,-67.30557739512435,0.0
35.85570449367717,-19.047951909839096,0.0
-25.79394665521675,-16.00027169947967,0.0
1.9176052967826085,3.3508037147933414,0.0
33.789679041724675,-12.237903030832308,0.0
71.12440905877935,76.45612363111762,0.0
-37.91235196380132,-98.27277654211595,0.0
11.754743566885251,24.11493510772038,0.0
-70.21383364786068,-71.28013973543065,0.0
-47.45705388197734,-89.10397364464572,0.0
-86.63345935779884,49.05448970689406,0.0
47.145230342250045,137.19956658699016,0.0
67.6257225902522,-7.379177444895255,0.0
34.24298239723116,31.632577818902487,0.0
6.362366869908555,54.55139061872527,0.0
-36.48522846993586,15.951531549663201,0.0
-10.844962347705069,131.47610426338468,0.0
-76.96214665705514,44.92773312457545,0.0
-8.224178980978007,21.995747550567366,0.0
82.88339575584375,-48.92225428772108,0.0
-21.370183298240285,-62.06821265658229,0.0
73.64620766805655,-99.7904603492389,0.0
46.81899468080238,2.0686172246187007,0.0
51.80302207910432,13.045272396565107,0.0
-34.75341534389191,-23.041867115900466,0.0
45.845780548006054,29.002655763844057,0.0
46.31823282484639,-63.522961149319755,0.0
14.234411813055992,47.44488039040735,0.0
16.34380568111887,-17.039495737547796,0.0
-92.53341791220443,-3.685462541101451,0.0
-41.94610068218399,-54.23348457658851,0.0
-91.3680841398176,-14.409087971247915,0.0
9.729375402462914,-91.8491132939462,0.0
-73.1933558075198,-80.87792148876613,0.0
-14.822577241409164,37.53941279194328,0.0
65.03377795539124,-57.85198552459563,0.0
-19.248430102434096,-44.082067952077985,0.0
-68.68792892391077,48.48986587779445,0.0
-37.9479474745975,38.963284882696385,0.0
41.92800966874366,-23.30256842791262,0.0
5.963169786002067,66.72446427171154,0.0
11.06014794205024,19.207510843255747,0.0
-46.520590722428906,176.55173707905294,0.0
-74.55613162102416,-65.0405533773851,0.0
-78.38269886778848,27.72702589032608,0.0
-39.05042520885097,-25.571888236115,0.0
-21.96149857575672,-46.564000934269515,0.0
21.039106442080016,-3.9291488598687128,0.0
-68.16582204531207,38.27863422329383,0.0
11.075489881805773,93.77545182108096,0.0
80.11694816939965,-0.8247999967113069,0.0
81.18842266314265,-56.4585650360648,0.0
-49.626416228424944,17.630231960942968,0.0
-5.45337219547946,-103.59350415219727,0.0
-62.39402136567227,7.782435453220857,0.0
4.149637745421117,22.18047317484368,0.0
-2.500309459113079,-76.72733853534936,0.0
-22.910614802896237,66.11082805744856,0.0
4.797710545193116,-32.801241257223396,0.0
42.884977088925645,13.826672940582341,0.0
-69.94695645856011,30.769646853347655,0.0
-72.2483020670964,4.667613600282698,0.0
79.73802216408087,-86.0733918583066,0.0
-60.36222130654626,-99.56462583570483,0.0
-25.13243298560246,72.66726259862382,0.0
161.63244537112826,40.79302797240379,0.0
-100.00669491520426,2.146251695538065,0.0
13.129676278225894,65.71059361571712,0.0
-70.99076207771972,-16.887535372565434,0.0
-31.082090464701917,61.499794122044015,0.0
-37.53284446748174,-141.19460784251083,0.0
-31.644846531562198,-40.35165860582855,0.0
22.687443498739057,-65.90202666857921,0.0
1.4304097584557873,-135.03856983687825,0.0
-39.89223995912481,-96.7101187297565,0.0
18.734935720531627,99.0916283052297,0.0
54.2052069275471,112.28442585029819,0.0
-6.743090976081636,-28.510363611311142,0.0
62.35332377687367,-24.652211142488284,0.0
40.701030869987186,-29.36705622164567,0.0
-10.621803633938338,68.42474563185276,0.0
79.47649995504499,19.581569881773405,0.0
-97.33743988308484,-17.353652932246657,0.0
-28.685682455569072,-61.63416776370614,0.0
-17.08797903462935,-228.4959509205497,0.0
112.10094531867666,30.81507463938096,0.0
50.3597825974341,-6.755289712999992,0.0
30.50683378159459,-75.50897319619477,0.0
-49.44762244789473,3.9258223430059025,0.0
-19.72008246025204,89.7768629695054,0.0
-17.72695885859623,-57.000260704679434,0.0
25.391117076782283,72.4853560202515,0.0
-10.95358945775517,-1.7826056195014117,0.0
-44.839545081071456,7.43748529102747,0.0
-23.79777495343646,-56.26099303637188,0.0
49.4203859635345,51.11763479293989,0.0
23.819207528135465,30.600701400181677,0.0
27.428815501225046,115.2570076669383,0.0
54.24674744274947,-115.32275488789206,0.0
-142.73945572380288,143.57466491233563,0.0
-84.3582607536517,-12.922754419851831,0.0
41.6378544078333,-9.021881656527556,0.0
-14.557760301619037,26.84848063462699,0.0
46.12531503850484,133.2883413707904,0.0
13.34085599798797,27.24910152224016,0.0
-10.835477272771794,26.018010272221527,0.0
-83.78889544003584,107.08577278644674,0.0
9.723087772645284,57.24962227460076,0.0
21.689632432678437,-94.51936864072208,0.0
-15.235583831892944,23.33528981803112,0.0
-59.725622111381725,-36.77490973547444,0.0
-23.773889405715405,-22.036885601800073,0.0
34.62627999185097,58.46933687512085,0.0
-6.109050026977421,79.18514054738148,0.0
50.48034659905408,40.678180324056356,0.0
-62.52249727392653,7.065302551035955,0.0
-80.90532121356406,11.523785044416215,0.0
21.366202291006893,6.172284746752248,0.0
-78.63716172322987,-42.637053505472565,0.0
56.50775151848998,-15.018637558820926,0.0
-80.240354143288,11.772932971609784,0.0
49.2583028401183,-38.000342643666514,0.0
37.78461352643284,62.382928387689134,0.0
-31.187033943123538,-29.1212188081256,0.0
-1.4428988161261704,-23.566461232108853,0.0
-42.08817587770247,-37.05652769439068,0.0
-3.3370185727456034,-13.011399982005853,0.0
-42.357964161411196,-53.9930786840649,0.0
-10.071462773059894,-48.83312796144533,0.0
52.33277583031508,43.359073469070914,0.0
-23.136831550002473,97.82230591411407,0.0
-35.64104647283945,-59.476757525900496,0.0
-83.30741074198012,-2.92934805398023,0.0
54.313520842301045,17.50936379908456,0.0
-39.391499556991874,-8.110180814596767,0.0
12.623344720571591,-92.44730953087935,0.0
25.92775332366327,31.861892462771962,0.0
1.5346838336272575,58.64778402794631,0.0
-46.38492030948236,-12.274675454965385,0.0
-9.42709260169007,9.877607326283572,0.0
-8.363022651549336,53.529061003737574,0.0
41.35406334799009,170.02801057771373,0.0
-106.24596255899006,97.21307654580951,0.0
-62.631836303689624,162.407898213944,0.0
93.23079136482602,-68.02443812122634,0.0
11.054024748470882,-4.7330964784991085,0.0
-38.97048879912817,-81.21340746933438,0.0
-10.65790066944333,-35.13683729069074,0.0
-17.828227806508487,-20.52448970143339,0.0
80.81514897652227,-38.78612266877767,0.0
-27.898985327560087,-58.713743955382625,0.0
-27.34217303204072,67.67066165237298,0.0
54.27119196142005,-29.774093625999843,0.0
65.76376672019177,-171.31770790611208,0.0
112.67888593596291,36.240434222532635,0.0
42.65085493428042,-46.988731984816546,0.0
35.870901882052124,-91.6056494014973,0.0
-48.38879378684822,9.62948740044734,0.0
-16.986416851940422,11.058746014786161,0.0
59.21621841493574,-56.52151461534072,0.0
22.372979655591145,-89.95625167511423,0.0
-14.592835664139217,-166.43361146879207,0.0
34.31276325950619,30.065229423111003,0.0
-0.713753156310932,-14.649627216381912,0.0
8.857619621972331,108.68479787280965,0.0
56.040388182269155,13.952895778062391,0.0
74.01419033152979,-54.61618907389597,0.0
-42.31386253693023,-14.963083657483963,0.0
29.02258100909086,5.455416387945968,0.0
-62.034350145632686,130.42416481943533,0.0
2.9132776455640443,5.610931385402529,0.0
-20.81690638415307,105.69738605412799,0.0
-56.032002204238715,26.524907325770826,0.0
-88.43005055504509,-106.8388358105677,0.0
-31.33207427138163,-196.93662958074265,0.0
-35.147677877766746,37.99298112001438,0.0
-39.94969723758481,-63.65331281723131,0.0
66.46608949807951,-52.48573316990861,0.0
60.130803410244994,40.255589549256236,0.0
29.911260461574983,-97.6120513502306,0.0
-38.05556749670093,-0.7710439897151731,0.0
69.93689466295477,81.26690229687763,0.0
32.15107900454183,-88.08223279347912,0.0
-7.149268006326735,85.44039905259197,0.0
30.673517760215773,15.592775909382206,0.0
-7.707677618014561,22.247029508829872,0.0
65.45477025893483,2.8071184866159804,0.0
-51.346290804706726,-29.93582145211912,0.0
-54.42705730865639,48.75795117945238,0.0
13.580234805743613,11.798582075647358,0.0
-20.70280162738006,-57.44564507099298,0.0
26.489170555668778,-2.900201576692347,0.0
-23.48927159648436,-7.994995486244371,0.0
-30.20938863720036,-88.86018583264264,0.0
118.82180766590602,19.796272232427782,0.0
-53.749825678235574,-21.19077267733186,0.0
-28.070328526010158,-76.00241752941282,0.0
-4.106850269790692,-136.60636593484963,0.0
-13.795923576624869,-77.68936049834537,0.0
23.871330952647547,72.2213771039632,0.0
-83.7588817315584,-72.28273802385159,0.0
-35.327128813553884,59.43015717405743,0.0
-26.174084677751658,78.14234240687519,0.0
94.62997914853366,-18.94355956877736,0.0
-17.95570307361291,-37.170312968204584,0.0
-42.182503106154726,-127.06232607337398,0.0
-53.447899706757475,-75.91382008121053,0.0
13.685910522822367,119.20377623263276,0.0
26.400624653374027,67.84402916127047,0.0
-57.51380237212125,5.619203253243262,0.0
-8.87805988685853,-101.2974457204384,0.0
17.79316909503227,72.11013357103555,0.0
132.20961635692328,-132.35027679559107,0.0
-16.524930422054688,64.2396843412582,0.0
114.72370361057314,125.88683909420784,0.0
15.951698257327852,-45.41265309707416,0.0
24.590711656783213,38.91558879115628,0.0
10.025668525884988,8.166863159923095,0.0
5.465641013045854,-8.41572569210053,0.0
-29.86647367243109,-76.6338980675951,0.0
64.71599977338809,-22.698649692978563,0.0
-67.87785298812857,31.99000556635461,0.0
-22.056048572627205,8.0520743495727,0.0
20.754896295998634,-89.46921880824424,0.0
36.34335130745951,73.45468961184454,0.0
20.865384930232892,68.54008902152464,0.0
-51.0392053370444,-72.07863752039653,0.0
1.1002294716172578,-139.14553149154924,0.0
97.85590287234008,69.24918660226388,0.0
-35.004759823553684,37.992492215150136,0.0
-37.834555275571866,-50.46461952372865,0.0
-36.880707285321826,-11.926679228346353,0.0
1.5659185230982642,-54.37861900754402,0.0
58.718308055154736,78.28642256785338,0.0
-173.69130771943472,95.28889700951491,0.0
-32.0211191183554,23.608654347712058,0.0
-64.71293863030382,-8.56079193576381,0.0
-39.37086476108059,-42.43432506433871,0.0
-46.984039534969504,35.869470480323784,0.0
13.208790469263565,-130.83599220418967,0.0
96.63984773963291,42.92429679038119,0.0
-5.037411534457247,-137.56572926108214,0.0
-8.459406292459807,56.139674031390165,0.0
21.983235611386757,123.65466012906329,0.0
68.46262977562603,79.93543157114112,0.0
52.10889368165256,30.491587767024342,0.0
-6.679635339295734,68.03270048910042,0.0
-0.09466405574850778,27.299240625106044,0.0
-52.947083368964186,-178.26910742040133,0.0
80.79945557081462,-12.482165557704779,0.0
30.368995022303995,44.62503549332603,0.0
-81.18748333286308,21.958369599178102,0.0
73.35402950566788,54.34034354479759,0.0
37.98697683639196,-29.026107950590173,0.0
-12.541767132471165,11.529273301193149,0.0
2.6799137446822145,43.3203448407536,0.0
46.77960476490314,-71.76900269333055,0.0
32.96955255091198,-34.04477935999734,0.0
-11.394749331709821,-17.671956081806528,0.0
82.9074525249379,17.66510429319168,0.0
-2.1899291427958723,-19.476021935528756,0.0
-5.941886354159679,-73.02261391476722,0.0
23.48391762466835,-76.78099383045898,0.0
-1.7100203297699832,18.129879334795305,0.0
0.8107596434757434,-24.259005650017556,0.0
-37.78706312309158,-2.8616773411481002,0.0
43.82673794265335,-61.52452902190156,0.0
-30.657776575260193,12.547702977002185,0.0
-1.8058015606050255,-12.887935196637924,0.0
62.494989865713634,-28.199043518191168,0.0
-102.69136075172587,35.66908838202536,0.0
18.58199399523926,-134.39059742501644,0.0
-71.11434288003441,-40.54790133433811,0.0
61.239774855733955,2.107750142039747,0.0
43.55754748295135,24.394093226682845,0.0
-10.62143092942724,21.574950059971194,0.0
30.486571922382776,14.146615149991092,0.0
46.205318301079004,28.028085254515528,0.0
-96.76023979998682,-25.58735743814775,0.0
-103.3061932513706,37.86118174514668,0.0
-40.02841459608988,93.28164765145797,0.0
-58.59085667873472,-8.694414482425216,0.0
-43.09308757166528,-100.22033470932497,0.0
-22.516019125529027,-104.58924540918414,0.0
-8.759160875024499,105.95984522773372,0.0
-39.20842048929439,80.19601899566385,0.0
-12.70241676122082,136.07361286099794,0.0
1.6787820463644945,21.860638075342777,0.0
-61.50128976197167,52.348236535523505,0.0
-63.22385726450358,103.8046993238813,0.0
-21.78633710411266,49.84268768150284,0.0
-61.97848728059996,-3.5102591019813953,0.0
-30.014304374119007,-96.47834152231894,0.0
28.833506637309863,-3.303938640057952,0.0
-54.191717498601086,69.54289797818728,0.0
-17.596786410333024,-40.91657521626842,0.0
-130.40933439106203,12.605663104118621,0.0
95.40528587342017,-3.2480868281666084,0.0
33.69058425964653,27.35998862495644,0.0
23.67171112155577,5.4339966603264624,0.0
29.854747536916467,-35.122245732951534,0.0
54.830940495509964,-40.60638880699535,0.0
14.148765453500436,42.00530050091791,0.0
96.39627377606605,-43.70930387408515,0.0
-63.5276209151628,30.01709243825578,0.0
15.993917849808714,-0.6683758160739748,0.0
20.032241950506965,60.94486622678466,0.0
-79.93269756249019,84.0526882314718,0.0
-48.0885812080407,87.21172720273759,0.0
59.65384964559004,-49.909929040221456,0.0
-29.27307932398603,46.355548621551335,0.0
-47.582087118191666,-101.92810078607025,0.0
-47.57591771772126,35.9483843100643,0.0
-43.24725875565529,-58.21129265809877,0.0
-8.890114154722387,52.87407376554087,0.0
12.693044250823698,-20.50390511665572,0.0
42.394185189764585,-23.369019378361763,0.0
-43.23073824888549,-42.05255988620609,0.0
-10.136094295689976,-49.39290737785296,0.0
9.498613951857028,-50.34563700992452,0.0
13.359039790874627,122.00410032867293,0.0
34.96168940110113,-7.330866070244983,0.0
-74.30712966172744,95.16135630544646,0.0
-21.695517441806278,16.768931033296823,0.0
-30.600391511749088,-4.356097459132254,0.0
5.074096449860137,-29.297660369495265,0.0
56.80475864483343,3.7384972064125166,0.0
30.30058605939517,-101.4808123507263,0.0
89.76472742963121,2.32960362617659,0.0
0.33152271588002163,35.17885162314286,0.0
4.262646545222405,95.66173952802784,0.0
59.70084117150907,-94.7183562048181,0.0
65.72832661197396,43.03342561088685,0.0
73.91241806289946,18.4011166315099,0.0
-37.11899529240596,159.2019837853035,0.0
78.30492236910962,-11.18927191601841,0.0
-7.333019992612963,1.2796070239898216,0.0
49.21938849227977,11.153063098552076,0.0
15.758476691759615,-74.73042053764544,0.0
-51.9068322267936,11.655722446707045,0.0
46.14835121032707,5.977018299992019,0.0
12.462682817189217,155.74470132429826,0.0
-34.37920479613854,7.220498107011535,0.0
-49.054810512391526,-17.612683005143968,0.0
-12.989218188082797,-15.995249942217066,0.0
38.6564761214588,52.13223596051431,0.0
21.138561898273625,-102.67601348147103,0.0
88.06873524360145,-6.056701742734533,0.0
-48.64248582397428,16.129253878606992,0.0
45.393190819424525,-77.69055550328035,0.0
-30.2026488780689,-72.47422336488731,0.0
29.04447686836843,-44.2059131122761,0.0
68.76112094910086,14.053795723989579,0.0
-13.579618483629583,119.74792625212326,0.0
-33.31841233358347,-78.38212236829666,0.0
-59.50124942198411,-17.363031374667777,0.0
102.7680002657259,-73.3998178903126,0.0
115.67732597876663,-106.89068559170035,0.0
-21.601971825079186,-19.63399143056144,0.0
15.131173849861849,27.91728342740228,0.0
62.474053841197886,73.4264403906657,0.0
-34.78302463112863,125.11103896975364,0.0
-6.488990860813232,-38.55059517228419,0.0
-24.637226799453277,-61.56494162450204,0.0
-2.8656104893471923,11.361617314538153,0.0
-10.783014686470343,-40.894904707503564,0.0
75.18937055085753,-33.57025853001855,0.0
-102.8506353613883,46.31035988427367,0.0
76.7208522576159,42.27075620282082,0.0
-23.97158095994738,-90.41125646985462,0.0
-15.142867599039217,146.32953069660888,0.0
-1.8825586078104706,-89.90712533008623,0.0
42.608262224911456,-48.32667048028366,0.0
-18.520928468933633,-28.450791191036327,0.0
2.5081233577445463,-39.5156590529458,0.0
-1.5502062843477205,-116.8094941897716,0.0
18.23050828842826,-128.30907913180795,0.0
-46.22623938743341,-38.522520373145404,0.0
-32.784531515645035,90.07360820487058,0.0
5.517408540221118,-85.78953122544547,0.0
-30.266403074928235,-0.8163879824855643,0.0
-65.68813955797114,15.841482485328045,0.0
-38.76138089104795,20.745062305110526,0.0
33.93900795298991,19.203031929575328,0.0
10.603056813696677,-73.39088028429157,0.0
-96.49362480779114,21.31707090570792,0.0
-8.24377026722559,37.66477670999415,0.0
30.35311295286987,-39.02756429271556,0.0
-7.149651163523672,-48.87975124632187,0.0
4.347109409547822,-21.287662917671412,0.0
13.101435354023277,57.61341093018995,0.0
-10.206302906893631,-28.57950596268575,0.0
-85.74604201406609,63.703368773430256,0.0
-32.30495488870429,-123.57440740447844,0.0
35.59722688777108,-6.6221744031553245,0.0
42.117851545665076,-93.3281342108879,0.0
44.348247300686175,-22.17526818262578,0.0
-15.507780163381613,37.51185989147212,0.0
52.85805828410588,-113.9835921963994,0.0
-14.184972885677077,-33.78787343329863,0.0
87.52423369680574,18.270601164953728,0.0
17.790063425249443,-14.866230983758408,0.0
55.75362452481707,140.69869247288332,0.0
-38.96478663872075,60.50861985968788,0.0
30.23601769724053,-30.219540883160217,0.0
-95.42777124106509,-99.02236703348471,0.0
-8.358874143273953,53.44539600400293,0.0
40.726663914456815,13.647091355719509,0.0
57.09804717125668,-63.972473902477674,0.0
2.8085709847671216,-51.56275159637646,0.0
40.90356490894178,67.31250408440019,0.0
39.332615488085594,-26.053384897717347,0.0
49.914027618492526,74.24674220051239,0.0
-66.25824659515014,8.761939786063065,0.0
-0.29180864043766286,10.18204763062662,0.0
5.580667608568513,-30.2825220719598,0.0
86.97730066495065,-183.07210560016313,0.0
39.773019248724204,47.540875155726425,0.0
41.7216749220504,-161.8376010469419,0.0
-4.978322519510304,82.48459919338467,0.0
-7.940904464742306,26.873709508210787,0.0
-4.055082778630309,147.46949971512214,0.0
-28.991502778308952,139.78488486784292,0.0
20.71875069434529,-17.562472116542768,0.0
-63.77227453809482,24.25009541876596,0.0
89.08204472262689,-146.50581304735408,0.0
-3.661475194817672,18.783030608993613,0.0
-6.412386535480798,37.88978519228227,0.0
74.43039332786296,-61.488741857461676,0.0
-83.6696594058695,19.67035499861192,0.0
11.150009341147038,194.01065844334775,0.0
4.939048011926775,-21.63614563993584,0.0
-61.346136594111336,-30.365209539884887,0.0
83.87408438800749,26.842418080059876,0.0
6.043755095022946,26.431380547730257,0.0
-21.41938269965777,-111.86488065158375,0.0
-58.006741380732365,82.03893136194723,0.0
-16.240847249990136,20.574272981547853,0.0
-63.223588092070074,40.844556639212485,0.0
-61.60947961907198,-2.641827732174638,0.0
43.70011563782919,-136.09049654476854,0.0
-32.193589817660126,-14.617298194251264,0.0
-39.16670576943871,30.88792349198553,0.0
-36.194920843177385,11.693324938253578,0.0
43.981791322769375,29.8589252954185,0.0
-33.24446496918061,50.82995828857101,0.0
27.32748364818595,21.313063780330612,0.0
0.042763023656035085,-54.15483849876453,0.0
-13.586150109864494,8.778651929242212,0.0
65.51724800344947,16.132399985887496,0.0
-36.54401411231787,-138.32573162199554,0.0
-5.385644607979796,98.59730383900792,0.0
-13.000496421587426,10.496169389310003,0.0
66.24393168952263,39.192815484508934,0.0
-72.86310843101263,28.696214781041945,0.0
-41.89063158631321,-6.703800708111486,0.0
-76.39564874371439,-125.76169925609544,0.0
78.10814965007843,140.10110058961698,0.0
-94.29390998652056,0.3240749062476973,0.0
18.70119107147965,45.09374507900954,0.0
-24.556340524178562,72.97681587683225,0.0
56.02354834688435,146.19537806496166,0.0
-17.074508040810095,92.42658239404588,0.0
-38.47324928605067,24.155500653199972,0.0
-94.46576820049046,-44.87130245151652,0.0
-99.53167633275294,123.87046965782372,0.0
-13.805135422864904,18.583205174634934,0.0
68.9381678202728,25.585707566999993,0.0
-38.3812333451101,79.42429038965554,0.0
10.947951602740089,11.228208855428512,0.0
-22.66015987876112,78.55392185622735,0.0
47.10069789188169,103.78633276677063,0.0
22.464623576095182,-231.2947480246924,0.0
3.009211950350363,32.31281457712305,0.0
51.505190195794285,19.917158182216802,0.0
-85.54195633378023,189.72749466372332,0.0
6.62505757605267,16.650659387856145,0.0
36.70238813741276,-95.11423726084664,0.0
-2.306349649313906,25.63457147459138,0.0
18.199511116260158,-50.90202642663295,0.0
-20.81263983332913,-23.383265826391202,0.0
0.15428352838964335,-27.87125526691656,0.0
11.593342396892563,-69.15777258206536,0.0
-88.64060993650907,55.011405195681746,0.0
2.9733397271482755,-30.71569864779033,0.0
6.756686556918208,20.702682128457116,0.0
40.44882586355658,0.4412184000627647,0.0
38.978785732035114,-23.349463443639902,0.0
-14.147035512232389,56.655992175592495,0.0
35.88052309389338,-73.94623045525721,0.0
26.286977762608466,57.89746217000474,0.0
66.39170232245519,-23.872186140700276,0.0
11.591196022623366,16.891470111260414,0.0
28.065606745134257,86.14945389281353,0.0
41.24658437031677,16.951901472020054,0.0
-13.08837317139532,-118.41337015543589,0.0
-22.085886458266966,58.13400916527203,0.0
27.563197058616435,-76.97649993814672,0.0
34.85579735569663,-99.48417285986272,0.0
47.477450580898484,100.58626016961028,0.0
5.665334084854293,-15.043603046657413,0.0
50.744094993473674,-11.213873891731817,0.0
44.310817329098455,-22.886502697049526,0.0
-33.496489281043374,-16.9921018623129,0.0
49.010309967356285,-27.162951149681966,0.0
92.26385141373532,-83.41716549941609,0.0
-60.250180344225235,-93.38326778055341,0.0
-5.345174316929565,-12.268653985308308,0.0
-84.91434768199201,66.50272711926206,0.0
4.038345031180553,-27.511438241329643,0.0
-44.54144364515914,112.95211798977793,0.0
-60.80595130102904,28.051639567429543,0.0
-33.399892941482456,-3.8182933184045154,0.0
-66.78991015220596,42.75156042927526,0.0
-24.24823948401402,12.757833316532476,0.0
-31.359768413687693,134.15753551733977,0.0
-26.57051065296053,37.88849230486354,0.0
-40.29373759142834,29.25112958824848,0.0
12.311864942014303,72.00505842858648,0.0
9.535512057483302,-158.65870049491735,0.0
1.9034095700334073,98.02897882018307,0.0
-26.11280017406532,-7.502043337574193,0.0
3.995046048040037,43.05852340536836,0.0
-40.65367285379022,-144.45632613890936,0.0
-16.51281203460294,23.33388433980616,0.0
9.32992507114878,69.90117548057268,0.0
22.573071150422567,-60.05068348930282,0.0
-176.0258593770514,-39.19850183218906,0.0
66.73588868731338,33.60558998386111,0.0
102.7283006409456,-0.9345673894731269,0.0
-86.09758843049448,97.56665193584756,0.0
-22.43865527748273,-126.97035558376035,0.0
20.74682314299323,-99.85410625988476,0.0
6.0113903579830135,-0.2299571132017882,0.0
-58.00431942059896,78.6264396493149,0.0
65.5967818915271,-70.10916521641562,0.0
-27.190237692112955,-43.08884985906778,0.0
-108.3410470983583,2.033672531776385,0.0
-57.63485912216364,-27.296963690425258,0.0
111.11113488621484,0.5827355800081238,0.0
-9.575988228769035,29.24014153409238,0.0
14.278552064558776,59.35083558807222,0.0
-43.80385590007329,-11.941961452914738,0.0
37.830707563744234,93.80501552937407,0.0
-29.34458703164327,-22.926113781135673,0.0
33.24287691595682,22.751788248742148,0.0
72.8919399990456,-160.03176979601363,0.0
43.452112355704514,-27.677424559473387,0.0
34.84173830109351,-9.493249659555655,0.0
93.20317198684288,107.42441976185152,0.0
70.23040944134911,-112.18766464804251,0.0
31.664682436967915,-132.58302386687873,0.0
106.51167754528305,-9.548621406121965,0.0
52.829722061430914,-98.62261424833606,0.0
-54.6168307588475,6.815279411488007,0.0
-34.1119131032311,54.64347438472658,0.0
-4.909810932039828,44.65092697062617,0.0
71.92433551028975,64.63217707420587,0.0
-61.62257957273821,-6.393391840899827,0.0
-58.54163902529248,-87.93478961627751,0.0
0.006040276929422667,-164.34124429686554,0.0
-62.71751448625468,-59.05196235293764,0.0
58.87860743872741,5.141745412505737,0.0
-7.255520931821839,-43.27842999587382,0.0
-40.20556362279846,-47.02706514519425,0.0
-28.217766252753812,35.15728901727084,0.0
25.928242569007935,27.80667709871639,0.0
-30.914463225283267,-55.734927060541594,0.0
-12.23520477676454,7.930849480449727,0.0
127.23206276174666,37.84408731406329,0.0
-17.50335530017412,85.79683397560021,0.0
2.9513101534620603,71.89296695459517,0.0
76.60585436644116,22.49479346237733,0.0
-28.25561638287415,168.62584310837485,0.0
75.85072508813872,47.83357404106744,0.0
20.229841721184748,-29.722554535924,0.0
-38.28968085052068,71.59659457521134,0.0
-35.79208368712581,12.941564853637816,0.0
-48.672252812805105,-74.0376771857574,0.0
24.622613690591724,-14.081195729816066,0.0
-9.76597571103746,-0.6540674758271019,0.0
14.642156154764985,-33.57288640189215,0.0
-32.566812458767316,-1.7038515914881742,0.0
14.567112171700622,-7.221140657543435,0.0
-40.893908917893754,79.48731056607683,0.0
-31.40654613281312,72.03862954368545,0.0
15.39541906344378,-31.27107872047655,0.0
-37.25613139643882,110.73987148399038,0.0
-25.314276189206836,5.1261267342299215,0.0
98.62547707487074,14.153319830744646,0.0
-1.03979190772034,-14.99580312276772,0.0
14.369363158533641,60.4048610394512,0.0
55.57344583376692,3.995162450471884,0.0
-46.29351232835607,67.6073678561847,0.0
70.98376802829323,-10.164887688132612,0.0
117.5827704412352,33.63807811350403,0.0
49.584264137713994,-0.333752913299486,0.0
-2.0141184856489773,43.77839261368816,0.0
-21.51609402806406,56.34725581823095,0.0
-43.11099287171759,117.90431203218455,0.0
-12.597009895637909,20.039614592790564,0.0
17.47098506086226,-102.55183613421558,0.0
-29.112719586149204,59.85836332900086,0.0
47.31665998643429,-62.054543329170585,0.0
29.838147586482638,23.664157333298036,0.0
-8.282688461851816,-81.054639431476,0.0
53.799004697529476,44.31236311978903,0.0
29.82432524320464,11.86405821347766,0.0
-0.40553388594428375,-47.87335483926432,0.0
-25.50942950334423,17.184228384816603,0.0
-18.306806608530362,55.21468444689639,0.0
-20.626425528813837,-108.59758119263074,0.0
-28.129280109254506,40.30270069946757,0.0
-20.792050700048577,6.326625842044179,0.0
-34.3652852878582,85.4572501137777,0.0
21.011640289393867,23.601181558239038,0.0
29.466452491249985,102.16269497405311,0.0
56.0875058857658,-24.39583010337563,0.0
-29.00896122871793,23.21893351608947,0.0
93.42586561832155,-40.42817157838112,0.0
-50.966390508371454,6.1131315527672445,0.0
-33.37288754389874,165.98592386373815,0.0
86.329637152348,32.75591623148187,0.0
-11.396346620548151,10.745328607990473,0.0
-26.75976951110804,7.453052414153675,0.0
0.7180748846475368,-57.2245615640868,0.0
35.822898886705644,29.471970003516773,0.0
-56.54760586125583,18.86463484262133,0.0
-71.16023669922593,-4.981202146868009,0.0
-26.90524208163165,51.744875082006594,0.0
-60.72718780266047,-37.389241190244,0.0
77.65503333970962,51.70656290308595,0.0
77.82037442214411,18.113143425099967,0.0
36.973341314743195,-84.61467673991925,0.0
-41.36581679660421,-70.60357222958731,0.0
-7.850361363749937,-35.71426575235488,0.0
5.551193635143036,96.51364258474074,0.0
76.7799635747785,-8.005441408605856,0.0
34.860102693477785,126.64260357705386,0.0
-3.0511222820566783,-73.6096804939298,0.0
16.941259214836695,107.70795084018728,0.0
-208.55044344715665,38.648982236581006,0.0
41.65955106319268,73.49927246644313,0.0
59.652806998590194,-102.8509361747799,0.0
88.075440761271,-9.167652202127353,0.0
93.57657233588087,-60.000981651251614,0.0
-58.43770899581051,-46.86506972622601,0.0
28.085965281223814,-31.9335732422818,0.0
10.439068389814796,-79.6009052730905,0.0
-51.91263409932251,-64.15431309465498,0.0
-42.74397199701524,38.28466554608701,0.0
-11.99121869703596,27.053326020275662,0.0
-17.56961626237089,53.616573255853005,0.0
-24.391815501745302,16.412235629339527,0.0
-6.919661669033683,142.18640259484005,0.0
16.785801842298056,56.72537329581468,0.0
50.39936663076033,-83.10432733973559,0.0
-59.01073421595219,12.362647964344948,0.0
48.96883800632056,-106.1360659931887,0.0
41.6738018471764,-2.858375113085219,0.0
-80.05261586274236,-46.35402477926277,0.0
1.3709387538671798,-103.02740940731341,0.0
12.275175701677208,-34.68681391261259,0.0
-10.093349110134815,41.993944121455144,0.0
-69.35162133824156,-142.5965810457728,0.0
56.043214881565476,-43.435667079106615,0.0
61.509775929638245,44.8291267279939,0.0
31.577612469609257,-7.319359405211641,0.0
-43.41039459346762,-31.647373094849204,0.0
-23.444901318995793,24.702088082860822,0.0
-61.91743266418614,-122.30094915820628,0.0
-6.453386515577584,44.20352509046844,0.0
76.0410984525871,11.43537151642374,0.0
37.71270412986869,41.45311732275733,0.0
-73.4103292039191,-24.147880427386905,0.0
-5.186435800904863,53.18988312207669,0.0
-23.67443533260013,54.43369164039273,0.0
70.39129624608397,39.742872031462184,0.0
-42.381651858966116,137.81348489946936,0.0
-109.09621084497006,-0.8380192633675928,0.0
-0.0834040869466799,-36.88382872917012,0.0
19.702110728244467,28.027955157903925,0.0
-41.7943336258175,88.48277566967472,0.0
-45.88623037345299,-102.6476982005798,0.0
144.40161513312177,-36.290597828413524,0.0
-30.50892486082695,0.7067969291131289,0.0
-32.86633383453477,169.75832054912783,0.0
-29.166466887604724,99.21064792239657,0.0
-123.19468996710073,-77.2584385829048,0.0
-8.973735392732928,23.56723847795858,0.0
7.857373753378047,-68.15940391529598,0.0
14.891425067035632,-37.78212427564588,0.0
-5.43483090612735,-31.79475107526935,0.0
-1.7980053337506365,-64.68501762573867,0.0
51.92796115196791,-43.23392019862285,0.0
77.10898508151546,134.20217896879643,0.0
27.56617758995043,-61.15827952627032,0.0
-79.84359909733077,20.550552277542618,0.0
-20.50010197476699,142.1337793871376,0.0
-8.456848551219958,-14.227317303385933,0.0
1.6994992170091257,-67.48978433217515,0.0
10.257491642929462,-28.604555839472653,0.0
-75.59643321668494,-25.002173719293907,0.0
32.9009541326959,68.53684267245367,0.0
-32.42344557928594,24.152445592387068,0.0
86.89765882133199,-49.82340491818489,0.0
-7.021017720314991,40.36006404018116,0.0
35.31811166276915,-52.89511289318547,0.0
46.05650434199939,-38.958514106749426,0.0
59.00459505089552,129.382621236139,0.0
-157.95735446890876,69.00753012069768,0.0
0.40874720596762537,74.45315919496711,0.0
50.256101215387375,-12.845968763597208,0.0
-40.35363455768174,9.981319645307844,0.0
-107.6971213115686,-53.74491926251869,0.0
-2.6914476766559567,35.375480898620864,0.0
15.599544774110813,-182.59448097835332,0.0
53.421881481452836,23.696352733758523,0.0
16.2964115864038,-20.983003180864273,0.0
-24.577488233572684,114.16599140491657,0.0
31.426498298112598,-88.90266923039371,0.0
17.26558231697662,-162.72233977378207,0.0
-26.88042011659988,7.503254988909381,0.0
59.96566069759282,25.625701221803396,0.0
-41.978716418801824,-138.92975462092835,0.0
-0.33375595721382456,32.768610906533205,0.0
65.98924944232994,113.63360682511295,0.0
79.93048836140181,-14.054507552167166,0.0
7.595699087913411,16.738465776309113,0.0
-20.21650899567627,151.3172612168701,0.0
-48.39176224710358,-156.0359947037469,0.0
24.495252207765333,41.67893268724602,0.0
-5.611065627121066,-87.33317240875331,0.0
74.71256161489481,-78.21888282816613,0.0
-6.373347779836775,-27.416530056387067,0.0
10.126089420309032,-30.37764061578311,0.0
48.265429109183025,-52.19583341516707,0.0
-51.89342762491746,33.61821391144928,0.0
27.879922198460566,-86.24552409208876,0.0
-81.55035568680418,56.948490754697254,0.0
-3.8000416494408022,28.325122467619536,0.0
-39.11096038021101,-6.970408515710343,0.0
-10.080000074587343,39.427992837667475,0.0
9.684724025085242,-9.264736497836079,0.0
42.11408844051392,-22.8995172080065,0.0
-85.270932745018,140.39496526274812,0.0
-68.0768655566228,-25.47011493729724,0.0
12.159243909865012,26.868518930305967,0.0
-52.47927237907919,26.7064605241273,0.0
4.747003072588477,-44.536171297353064,0.0
120.96499786232435,72.82585024070941,0.0
34.70234632771451,-52.925016573626955,0.0
19.410791817458488,-20.44412344532533,0.0
10.365325649660287,129.87712537987912,0.0
16.87328106360554,-33.45259490304993,0.0
79.64491946788351,105.13028565482938,0.0
-65.97962949370408,-203.91601210311254,0.0
-0.6352807249255039,-148.86539637327732,0.0
-60.171296385557184,76.52055836926962,0.0
60.61777109426478,32.96521084606157,0.0
-26.454499975241347,12.295221426734889,0.0
71.89828300835059,-56.40041525932746,0.0
3.8822371407648792,8.543662755068686,0.0
-36.14201000830004,10.633643188769524,0.0
4.034367202959808,58.851612877633215,0.0
67.86715487200956,55.093953863873,0.0
81.24829183352075,-65.42429127199445,0.0
26.945266875051217,39.00637744436912,0.0
-24.055522655262443,-80.09164498327978,0.0
48.55685751654195,18.684979471952854,0.0
-5.346072225246372,21.469133979550495,0.0
34.30429810439933,35.711432357156035,0.0
26.72275958093141,-7.583927539737333,0.0
-28.560939950802894,88.70893460440003,0.0
-123.77854645514476,65.79700684914071,0.0
-12.342530785457067,-74.32292146654365,0.0
47.50247331489726,-18.223183812158222,0.0
-40.34501878697352,16.402436816939563,0.0
52.04499735625336,82.87477683067891,0.0
41.86655320151815,-47.7155336691437,0.0
19.47510428216099,-70.43266531812671,0.0
30.15735476976311,28.18459051140542,0.0
-36.49538150981614,110.44817410749488,0.0
62.331519465865156,151.04382358245715,0.0
-95.7030859633189,41.70175731378877,0.0
69.54111282732318,78.199172083591,0.0
36.35122522158711,1.9466988286800586,0.0
21.533403437962285,-11.56977987450279,0.0
-87.06540462624122,-54.16963677621603,0.0
-50.44702610387402,-78.40854434267935,0.0
-13.827743165276404,-99.27311896191671,0.0
-13.636918549449998,54.0237657166385,0.0
-1.3343752029827631,2.8886903959212122,0.0
-7.0415577946768355,-67.92860893890845,0.0
-71.98006667709451,-6.223893786017582,0.0
37.12582145457722,-1.273693044702604,0.0
-8.1273050026001,-38.1015490802237,0.0
-40.87569263369195,63.93240816951824,0.0
30.198454397475633,21.040138743923524,0.0
-29.61470861377819,-2.6939715117958736,0.0
18.122488945999866,-30.69175225647933,0.0
28.698330278693547,-79.94682170425949,0.0
-15.396105099631438,-10.294441767611126,0.0
2.9517688127351076,39.70732118619027,0.0
-15.702802596419039,-72.82008602896198,0.0
-81.06318211426743,38.975025983764446,0.0
-9.613400932709576,-51.207290093183246,0.0
64.46472710876733,-23.505958885651854,0.0
76.83868799432257,62.353699693173084,0.0
87.7235721473437,38.104930281047494,0.0
19.948495318732903,68.55745749484396,0.0
63.78408573430961,156.1922570617936,0.0
38.932052940607576,41.122205503625366,0.0
-26.636198714178892,90.82147593208656,0.0
-3.569012064137014,119.0400781869656,0.0
-27.39373183466926,-34.26665762155996,0.0
91.57614921040633,-133.34056791767063,0.0
110.41376438406469,137.1168394657876,0.0
-77.03631145297717,40.061100890732476,0.0
-28.456955723327447,-32.49558838414692,0.0
-16.190750163783264,107.36993501087409,0.0
-37.92046478894973,-39.993410559049316,0.0
21.94561060823491,26.33278421573198,0.0
82.54230566155887,-75.6981484035039,0.0
-23.047491862482453,-7.468230004575948,0.0
24.02272223806253,-37.73005731409729,0.0
-19.41749513117054,35.7743116336432,0.0
-54.68101933251492,-40.39263235119097,0.0
13.72765494578754,-0.40457832368171126,0.0
20.758689742753685,133.90405762146543,0.0
-58.45433013197352,-26.46020251205416,0.0
-17.01090784821946,103.97406830712296,0.0
-10.39960391365356,3.5308574087651836,0.0
-24.94575768655886,-80.05257138483154,0.0
69.842957272876,40.00568428858335,0.0
-43.75698713967075,-123.43901028403491,0.0
55.89865835794499,81.09283050976616,0.0
78.06651532135731,131.1863772647435,0.0
59.40765002501084,157.65437854264013,0.0
2.553772657457331,-8.53035180642737,0.0
-35.78345982953505,56.48087484944124,0.0
42.79216036397169,-85.6095473376013,0.0
-86.75937369918564,28.385892062938435,0.0
4.883871890009886,21.123420765608657,0.0
-32.46206705180195,2.1095675745482896,0.0
-83.76743012037286,140.68967733231042,0.0
92.83166633901618,-43.41008469215768,0.0
55.82331090709716,98.35028832980582,0.0
-30.996877424039397,9.740269280396385,0.0
19.535921614348567,-29.559259544527347,0.0
50.665657952454566,-40.17672389707679,0.0
47.4835590506848,18.93528899215442,0.0
88.25277433145908,42.01250358596295,0.0
43.52817191967057,66.88213270638384,0.0
-47.015780046650185,-52.9631654311284,0.0
-12.731623781869573,39.45541902228911,0.0
-10.395859152351726,-38.658905715681456,0.0
36.41853938387636,5.212386135850597,0.0
-17.75887339755532,25.038386562658314,0.0
63.426978097923595,-5.3679381621826225,0.0
-1.3867829073253337,-78.0877075248494,0.0
-31.833844988548023,61.497317511272435,0.0
1.7864673310473096,-32.9805274526838,0.0
-17.866994361756543,-125.98708972474853,0.0
-22.414689174090746,37.846240697947096,0.0
-58.50408546083443,-26.265162663140504,0.0
-12.604266281753926,142.50239882176632,0.0
-41.51656022001575,24.550041867991368,0.0
-94.08849432016642,-36.67226612392678,0.0
-17.343231431401215,-20.808154724675717,0.0
105.55294697760588,76.0912479532764,0.0
57.670755396259324,-169.10295839702474,0.0
32.36173328871511,-31.139950415011207,0.0
13.467792457723624,-39.40757092642847,0.0
8.959306146308643,82.70296508957115,0.0
-141.43695780988827,-5.079274228787845,0.0
92.4244072950466,-111.02323440376563,0.0
33.9033204538379,20.58214832365959,0.0
75.715068776242,132.97753671721915,0.0
-4.9624420455694755,45.71873301998822,0.0
-75.29577579463034,-97.16635196961062,0.0
12.2658274559187,-30.276842485130583,0.0
31.202390580806405,-81.12179847407776,0.0
25.434092096725347,-71.8915267896795,0.0
-7.737786934271047,-18.991297762284777,0.0
33.97697207922565,-29.60702027806463,0.0
-28.490055581401762,63.560611718045045,0.0
51.488417403203755,-69.0236007784173,0.0
14.090154882865736,-128.41428579447015,0.0
15.649050922785223,29.123390084546514,0.0
-32.02491620356434,-11.206272732060867,0.0
-12.761677507191882,62.088500046382386,0.0
-23.67409024969428,21.62253417724995,0.0
-57.741285459724125,-54.736343818733275,0.0
41.61002280338687,-144.93109464736324,0.0
-68.27203454369558,-32.439212724085934,0.0
36.9939894095354,-32.84608511221157,0.0
33.03825798069395,-103.8221340760092,0.0
-55.67532623801872,-185.5161446720124,0.0
-24.877639830124906,10.251717248830621,0.0
-4.072925024678931,4.435275670192165,0.0
-6.286693628353787,-16.632065381803645,0.0
53.13488028826689,-83.8555891865976,0.0
57.93814362632459,126.0584182324844,0.0
75.2220560549692,-100.15606133408201,0.0
-12.407598283417256,28.796810119712525,0.0
86.24817757423764,-91.84016453988109,0.0
-23.91146714015979,3.7311566722711644,0.0
41.14042766204796,-25.09079446536036,0.0
27.101368097858785,107.26742118396808,0.0
-57.26379637677989,41.09771411928352,0.0
-69.74375486641424,-152.44995232428371,0.0
82.88930205110614,-108.25244990396286,0.0
-35.709106965501704,48.71103793452257,0.0
-81.33844053131749,62.87203194860774,0.0
-22.802853393323065,47.80228781429869,0.0
6.795562239563058,-4.466872655334644,0.0
-7.629893577706648,-111.607560873917,0.0
-10.684843117476053,-44.827599891533595,0.0
28.347797157670673,141.76815091496465,0.0
83.66390514204376,29.179962709519078,0.0
50.13632596804497,36.83624662797848,0.0
-54.583477704022734,7.559098216711918,0.0
41.65482357661009,126.97596358224656,0.0
77.67697842388226,-19.57201808880856,0.0
-74.3529685425222,-78.0646108190978,0.0
29.589868198337616,-8.47629250567024,0.0
16.57934044671686,-136.5347576456648,0.0
-64.839162387611,-153.3372636616448,0.0
21.978825185719717,2.3237046162466144,0.0
-44.57898269141577,61.33043403590869,0.0
-54.100219450036924,-62.74664392287432,0.0
47.732282407658836,102.73182791072658,0.0
28.9710607243165,7.658156145973107,0.0
-6.092053679522022,72.46574831016076,0.0
16.067041464965406,-23.30305890946735,0.0
-9.032464185109164,29.032834361969513,0.0
-54.20472860514683,-119.14380312079248,0.0
-19.1047686170598,99.8976125016465,0.0
65.73355170068365,-65.43163580386232,0.0
26.682289624821703,73.5459744891271,0.0
-35.37129784481326,98.44573896718005,0.0
44.86565222845242,-81.71055965914402,0.0
-54.08751536953022,-61.641935554848224,0.0
-34.599537530105366,64.40977054409073,0.0
-49.90296905402678,-107.3258098050341,0.0
-33.7905818598928,92.2407141692706,0.0
27.37743783568106,-112.89280321118343,0.0
-69.00868768048798,0.0,125.52336670374723
-23.996344986080704,0.0,-63.40497562023297
110.454583442432,0.0,-105.60510729142028
29.303627200544124,0.0,-151.81141428331176
-69.64090147547864,0.0,-111.39344881294885
45.66661491234319,0.0,-62.53429104752865
6.824298031414469,0.0,119.96703272644363
51.47024300379401,0.0,-136.12593380657106
-53.81162004608442,0.0,71.3432673594306
92.87859951990727,0.0,31.556786812167235
69.9869811826995,0.0,125.59545257728874
-111.05898698391465,0.0,-96.75740379728403
-3.993672621991187,0.0,-10.69301089840183
-14.937903232821595,0.0,158.26381856549565
54.21351472593619,0.0,-101.30492291683112
43.08691622164622,0.0,-16.241610619937227
-23.619789211177867,0.0,-40.20045662976673
79.77224091696597,0.0,-77.39413047375324
3.8149431349770087,0.0,229.47303418018862
66.71606771086954,0.0,-118.1421986052152
74.11333698590853,0.0,82.13651909862345
-27.375427382504753,0.0,-136.92820730165735
15.759486614906681,0.0,88.09727534037202
-3.0730517317034645,0.0,92.83395952364488
-23.583249251157085,0.0,3.934113111633843
-49.189553637207645,0.0,-40.01598124319051
-30.917563305794516,0.0,185.93573716594827
47.680330977249305,0.0,-51.96041958642148
75.67188767763798,0.0,5.599515989132111
-10.248448901035061,0.0,-193.32841826750737
-13.37665926180201,0.0,3.8944347117674805
85.61492833783025,0.0,-48.23622785658591
-49.56078325611926,0.0,150.04997919435007
-85.79496143568377,0.0,-87.47077052289902
-50.89148714443568,0.0,157.78579696615492
89.84499600834502,0.0,79.99771022758003
-46.68007633379622,0.0,23.249566439511625
28.529515439979836,0.0,3.4254391318932544
45.25243104744238,0.0,118.89131345866006
84.10255956255824,0.0,-22.814824944622817
36.35880895434745,0.0,22.950875394647877
76.33424554533708,0.0,42.29176865439492
0.29167378720925796,0.0,3.2335782297241007
31.465947425704705,0.0,-112.94864254232662
-32.32600146749315,0.0,-123.66848151653778
-152.32679139670051,0.0,124.12055170269807
8.497885484992324,0.0,-50.86785579748828
1.1541254748916892,0.0,34.64444940061111
-4.33275517428209,0.0,-67.80214446098755
52.565509135890224,0.0,42.538573693150546
-100.8938284204245,0.0,-148.94688399153216
-24.40775014103663,0.0,-77.49076063266806
-5.079199580093379,0.0,120.0533725003362
-14.605976593971661,0.0,-185.91119691017255
34.61390440526145,0.0,-76.22542459363441
73.42604749671489,0.0,-9.389780517777176
32.42969138731402,0.0,-17.72933038064227
-9.836925856929941,0.0,-5.714826260788418
12.324003380949284,0.0,147.40716042312232
-7.742937728512802,0.0,-51.36727516957274
30.467613409296767,0.0,-76.53758714650735
19.580278619144963,0.0,-38.09813610536455
2.9816935907696203,0.0,58.581521095782485
-44.34621795048301,0.0,-31.854553316826163
-26.187208848817605,0.0,-13.094780142768164
-56.919638113806016,0.0,-60.134290663457605
-8.098450935347723,0.0,-24.813804128896724
-12.037422060213359,0.0,-25.615325531602263
44.329149767130595,0.0,-12.728554976715548
53.80298052517693,0.0,-59.470077186245014
-4.63383178486868,0.0,-48.94627804298378
-31.430621254498487,0.0,87.32881282219006
-6.41220351633313,0.0,-107.756256114601
-23.491727938125184,0.0,210.9785505003904
-19.708598875519932,0.0,5.907047453713414
-62.707242944758576,0.0,-28.261728119273215
11.452740352695221,0.0,-22.653935737826522
93.39996607013674,0.0,-106.33948334436133
73.49006093911906,0.0,199.1218256939703
-37.185625955221134,0.0,-49.51620946098775
83.57488223258353,0.0,83.58973764160757
-91.52093947808508,0.0,192.41567199596844
-28.065242423837983,0.0,44.76718204111827
-26.13393780814969,0.0,45.54244824391143
-46.99151268114987,0.0,34.74611262352392
111.57529283217251,0.0,187.8891773456387
72.97121826114812,0.0,-102.26918140494921
71.42757275578676,0.0,-41.218925651043946
46.81664988686152,0.0,-131.4245938761071
32.99211881426616,0.0,-115.54423488792253
-30.8400256810334,0.0,-130.35482196905693
12.486139936266225,0.0,-72.86786683187422
-24.076846585635074,0.0,60.86513955257172
-63.061807313926266,0.0,-23.332947960167736
61.414847032244836,0.0,53.52235616107272
-3.622344890564117,0.0,-38.62239223957404
-41.367239453213664,0.0,-64.98432524929278
77.51216192683458,0.0,-17.826531687263753
-21.768797820165698,0.0,-109.41242895463417
116.49408811105128,0.0,-72.35269805835324
-75.91321025570329,0.0,-80.479697857172
-34.36428332577741,0.0,309.0430580490012
31.485857342406366,0.0,43.10213762824231
-16.255850939292102,0.0,78.90989046583705
-85.18050054409763,0.0,143.48740973183874
-76.79049343564158,0.0,253.7941004705831
-55.932185220447714,0.0,51.88028539141389
-43.52838131329133,0.0,-92.23008853832725
46.820295316788254,0.0,31.581676242968975
12.762490721029254,0.0,54.219463731575516
15.836914249607641,0.0,-180.7716969786371
-18.917523187277542,0.0,-91.38912175567944
48.94516535803155,0.0,88.7682554132578
49.708004320287166,0.0,146.34601648264595
-44.56171862874025,0.0,53.01841751479856
49.98495747880714,0.0,-98.47385259697641
-71.51628538025926,0.0,94.67002483123065
4.139598278808741,0.0,-36.58441206193052
-7.662455969694873,0.0,43.302715590381716
56.660127822980755,0.0,65.77561665357285
66.06552531812302,0.0,-23.1603370035073
38.24846178643243,0.0,-47.02937716008186
-44.37876326616196,0.0,-130.64070785879068
-24.481291043991263,0.0,-74.40629007508177
-7.729547260251908,0.0,64.33373938200012
-86.25209954775218,0.0,38.47564694202292
35.50889645910176,0.0,15.399995910995042
78.25144555365509,0.0,43.14478549321985
-27.685882201620537,0.0,59.4252114710996
-12.186111264589062,0.0,71.06133914434785
28.94956797806138,0.0,67.19004956146016
-9.287686255826927,0.0,-69.96071568796992
102.21128745935881,0.0,-66.6825795468955
50.590620078688865,0.0,-39.39659883374488
-4.577988621652228,0.0,78.00922998973982
25.240599104985073,0.0,-25.501142402601587
57.41218340041054,0.0,105.62571205428227
97.29532810130593,0.0,133.0117410714858
-5.0264037416293315,0.0,30.296703516388792
-51.1641508868514,0.0,-25.98819983986505
99.67623478787804,0.0,71.6804786562757
74.7925002690717,0.0,108.45723983056558
47.4133159348005,0.0,-100.82593254848429
8.667157961137473,0.0,41.20378788905886
26.433618209921644,0.0,-72.84318942975143
41.3920803385191,0.0,-61.74720124436876
46.72780797394387,0.0,81.78278854159225
95.83790744792749,0.0,-100.29507489491426
-97.90662336888245,0.0,167.85722751248557
32.94253446941074,0.0,177.22721164799825
5.505068707924407,0.0,-152.39425653544583
-0.6166075359023179,0.0,-35.50617403057309
-109.86037059200937,0.0,-201.05090329430595
-40.59188722158616,0.0,-26.709440829738618
51.80116576539364,0.0,-54.32086385968998
-29.551965753510203,0.0,-29.826946857132548
-24.313941287189504,0.0,-83.31874680551164
20.620689278666624,0.0,-92.47207971437597
86.51732102287546,0.0,51.79520777218878
73.10415032775252,0.0,97.93153664757781
46.53401585689797,0.0,-169.59863797038423
135.19679702181506,0.0,-26.77680377844128
1.4698147537900255,0.0,112.52838910028353
-28.294596242139637,0.0,53.77148618372962
30.117385058845237,0.0,150.61781329944688
-99.8645057154637,0.0,77.22966848262331
25.72281824403635,0.0,84.04403093974005
37.572230335960924,0.0,33.802084195650664
-71.76792377002253,0.0,10.737499661308197
-12.626489904638266,0.0,-13.297223608851963
-2.565389204786606,0.0,88.32881961203611
55.14108115467532,0.0,-12.345399170571978
-80.3695785290128,0.0,70.64168045402654
67.53780449307324,0.0,-104.26383826136957
47.37258728511484,0.0,-61.4638740377895
55.80898555167588,0.0,-93.39251159847316
-4.734277920136746,0.0,-63.934297062441075
45.312288362792536,0.0,158.44263710504634
-42.87238756882189,0.0,-21.567958948014578
-3.6110882785160956,0.0,38.99368210142168
50.626171883253946,0.0,-80.5419706347006
-32.98848004080096,0.0,116.64989566443538
-48.79733351430681,0.0,-114.42436619715511
-2.50629379681942,0.0,-113.89315435226284
-19.963689568414818,0.0,-56.22217400578722
-83.15310060346667,0.0,104.30771873599154
45.69609909567844,0.0,-8.82553050311638
116.29452158125497,0.0,165.82904586086983
37.868834462165566,0.0,-88.4634346505942
19.96427101217006,0.0,-72.23944423850156
-8.037368951489565,0.0,20.955944517163136
-49.02674266361887,0.0,0.6034481857532151
37.41395072162197,0.0,-35.85576979329176
36.44786258124574,0.0,31.251316408905236
-126.58827720287655,0.0,-22.41489183062805
-19.191779273502608,0.0,56.21138218162539
107.92068781784569,0.0,46.34521960907809
-43.38630764865516,0.0,47.35167952671785
-3.928392983756965,0.0,8.428892897183541
79.18600321850924,0.0,28.5870569593389
-64.62630937755259,0.0,11.958561373893545
10.466904614448294,0.0,-25.418330617315416
75.18172903807474,0.0,77.06756558615176
-52.12228977004819,0.0,29.776347581445094
-20.090630927280763,0.0,-19.671872284280976
-21.999041649048245,0.0,10.783494813531291
17.601782680518713,0.0,78.8521150984036
84.58631885224966,0.0,8.878630531915782
-85.62686723209153,0.0,-98.72879318468398
46.867039357556735,0.0,149.57365400997423
-5.760090726138147,0.0,-142.65031966682113
5.659233300025732,0.0,49.11356132640739
26.629813823429338,0.0,-90.95689579961821
26.639245606757143,0.0,62.81920649880214
-36.40152747256111,0.0,-75.0748120746429
79.89668782642659,0.0,17.024055137924776
33.455790573242375,0.0,75.03072064614419
-5.370574352299719,0.0,27.160273239814348
41.5436746901956,0.0,-16.54461014957843
22.438672925691094,0.0,-20.85441766716094
-19.008209025446344,0.0,-42.76697114487439
49.716883506074744,0.0,-69.66961878827715
-17.942790101560714,0.0,66.2369971047528
-11.647847450969866,0.0,-121.20550806857045
-18.703850351395587,0.0,-24.48294000332837
-14.35201837227374,0.0,170.04705231875832
1.5695109686901842,0.0,82.64245587206553
61.77349920650694,0.0,-38.7030421621609
13.121605807837176,0.0,101.29521083025419
-81.67008432076564,0.0,-64.5606946322992
-50.87743309952701,0.0,16.44447932409801
36.29638460356379,0.0,79.43922146690991
-58.78765767170143,0.0,102.46637513972522
51.52785486621807,0.0,101.94766223525261
4.618397580808443,0.0,-101.22954801395888
-97.30073942840946,0.0,-112.64436082352495
11.907569024727396,0.0,-30.60903241600908
-30.16146280147315,0.0,81.50694542801371
-34.347389177792685,0.0,-2.4134898411549264
-7.860266259891957,0.0,140.65523767978146
-31.428772217251733,0.0,1.4077906796764195
35.96239310531863,0.0,-66.17501813532249
-39.868594076124815,0.0,-77.70662170364616
-58.59398521945788,0.0,-61.09847093872414
-5.9554012176524305,0.0,-24.322648741958375
-78.31645301972718,0.0,24.9564117882525
15.943808768247905,0.0,9.319816693435513
-37.92601814919185,0.0,82.218449102026
81.25084388344078,0.0,39.10610508565147
76.45079049509702,0.0,-120.7817189205757
-20.897330248490924,0.0,77.66152394130398
7.698142675083897,0.0,-69.1682899466761
-79.77999582426756,0.0,107.71235942629893
-118.6853547533374,0.0,17.2235657198827
18.925043273350354,0.0,29.09211789777699
-29.540094483977384,0.0,70.45542044123349
-14.784234320380554,0.0,50.880197763682084
-92.49285966541296,0.0,-158.67672356772337
13.666221356179689,0.0,128.6792995028593
10.282706938249886,0.0,-116.11228644690325
36.254379032713366,0.0,14.773999802798397
-6.613992184219394,0.0,131.9391906794649
37.66059060467647,0.0,-19.667910716091484
45.42195732957738,0.0,-131.67705671984803
-84.30739349691316,0.0,79.11457290185943
-34.1798571519225,0.0,-122.3086897129981
-0.16795833823326556,0.0,9.738205202178653
-2.82560375474642,0.0,53.62696161188135
-27.955956689156462,0.0,136.80172765623678
-24.729799850905952,0.0,25.96389703169367
9.941338149406691,0.0,-83.38548161062083
-32.62712966030583,0.0,-14.443896846187002
0.2588177611639326,0.0,-10.85158260209875
-3.621106476838074,0.0,-28.667239741082923
16.1402839869315,0.0,-75.55834812191897
11.39826369718573,0.0,-32.51244134585822
-31.69200574725885,0.0,-102.44111687231256
14.847383270962277,0.0,-71.11277240193108
-12.424065746653602,0.0,55.06823746613157
-70.43167634403093,0.0,118.87013689084549
77.15098795725217,0.0,-52.185683378937206
35.2955803542629,0.0,-29.27370636587456
30.79458184028464,0.0,-135.7815871738241
81.32945273336455,0.0,59.683428117508065
-61.021999491789394,0.0,-13.093461001705913
-73.26940985108102,0.0,161.56622971458074
4.4893170590732145,0.0,138.53102608503414
-15.701034399117871,0.0,-134.1559976029372
39.88342060996596,0.0,-60.90159072402674
73.94775359631282,0.0,64.12301392556783
-12.065819847589351,0.0,87.40137343451393
-52.637079982341476,0.0,141.66992757075346
-58.9655256453827,0.0,-72.47381134466715
12.666024272457483,0.0,-85.23941514470773
28.678931225962955,0.0,80.47673746967673
74.22389121504571,0.0,37.03179672243445
4.184330446772524,0.0,82.28745328220194
-5.13239312203861,0.0,-1.285008291821653
-3.0023611640428993,0.0,-1.9338785087428856
-28.71067487742855,0.0,-11.202730145529012
36.40719927244295,0.0,-22.42679587989216
53.63812150497211,0.0,-79.95574196932729
-42.06922884102094,0.0,-46.6557571522781
45.857201602366516,0.0,-155.74709626743189
-62.46184915620664,0.0,-53.24663422678575
-7.901704227268855,0.0,-59.88791872818464
49.87461528523791,0.0,64.96126218930654
-13.289163626793577,0.0,16.231441692128726
-14.716405861066592,0.0,115.94463141419276
4.1009761683901145,0.0,24.39925911625452
78.16930351920016,0.0,-152.22461899802622
24.777300024425067,0.0,-116.12497057200521
-6.8036271196438545,0.0,35.85542680244626
-12.607571145288532,0.0,111.38905208851834
-73.81362404247245,0.0,35.813969172243546
70.00080234653382,0.0,-121.27995375242301
-69.03102504689464,0.0,-15.213045531038867
-121.71160329649567,0.0,36.72519326545966
21.431944154706724,0.0,-160.5974985342286
69.36035142052917,0.0,-25.011706059375992
-2.70854367204614,0.0,-139.38450250961634
1.9217198607638744,0.0,28.953854729354322
101.97184492061582,0.0,-202.35983255121488
52.87469362162083,0.0,61.00217688115818
-40.93933153663688,0.0,-1.0497563139469017
-42.22725666903946,0.0,-117.8529951094462
-4.43962743875004,0.0,-54.586233172776126
-34.207830802934765,0.0,-59.80078307210346
35.0702928526652,0.0,-75.19603260504636
-16.712018563904746,0.0,36.99946773462195
-7.200536132435954,0.0,13.526845709511806
74.86353891208692,0.0,145.14781574006307
-96.67878720099031,0.0,-113.51492922439158
-34.722868365419615,0.0,15.21282187597056
58.88496519519081,0.0,60.865952913774024
5.4867589229191145,0.0,29.531297436778317
58.178330083560034,0.0,-48.28047568211008
13.139787774400203,0.0,81.10423154870819
-70.65573212190152,0.0,35.67515090092211
38.87482004712389,0.0,54.86999223013052
5.2615384269343295,0.0,77.49063128726795
-3.6119706593639265,0.0,31.355947550282643
-19.82162255115421,0.0,-19.554680353900693
1.98498736700183,0.0,-115.3946745553071
-63.94105310142304,0.0,-14.42573278918798
38.490457320351844,0.0,230.939690281872
-17.30326897127786,0.0,-8.601456313793339
-31.448635871819192,0.0,-102.35723730042233
79.42958924216327,0.0,8.141340943486558
13.996558689411959,0.0,21.467326660519735
24.61697368463386,0.0,197.5597561826581
14.93925719388656,0.0,-4.833459739630504
80.04256244724476,0.0,12.140619330959797
41.28218722810046,0.0,-66.7483940283702
7.953390587202809,0.0,-92.85751416510038
4.788498114650234,0.0,67.21541092177044
-78.44160671189843,0.0,9.22179808259471
-27.448297798569644,0.0,-107.68110517481308
53.52030973933866,0.0,-52.75098682658632
-79.37431723669769,0.0,-63.277659169749015
-70.3458955555965,0.0,139.69035488429125
-62.89352524970347,0.0,-83.75267728761808
-80.19191850158917,0.0,-29.503791545514144
83.62684751921167,0.0,-64.44096248869303
31.150674614944148,0.0,-29.99751836326969
32.39520466901661,0.0,-53.182002580240685
-133.20839405756303,0.0,-74.11819263609078
10.194460922035088,0.0,148.7991376900345
76.05424554568,0.0,69.42279623428057
-49.89755719218067,0.0,-125.3143688633767
45.64635494710906,0.0,-67.80132932859664
-27.232605036911036,0.0,-85.03699635179493
3.1167326147324856,0.0,135.38385613563173
1.535460666144122,0.0,-82.952971940153
37.81315988688017,0.0,-81.2103929612046
48.122250663825085,0.0,-205.2022838523244
30.359499535515216,0.0,52.323809274663155
-15.400688130108945,0.0,-76.88760217041394
13.00070760412589,0.0,-135.3087550093746
74.91993821074678,0.0,76.93212455836303
-48.38734572624866,0.0,82.48494790382986
-12.9790312728336,0.0,1.527004962305388
9.51620729237488,0.0,-12.583069178875908
58.95705802818004,0.0,-42.958451902438455
-27.892893760377042,0.0,-20.244234959625203
32.210435792773865,0.0,-95.64206981751808
-66.80227453553927,0.0,13.037400355713597
34.6346392569352,0.0,164.1905150829867
59.36240242003309,0.0,80.82649374038803
-1.1727390348848283,0.0,-77.07243967850924
-0.6760014949000597,0.0,-59.80571131485194
-53.40476453593182,0.0,38.98433865859359
112.81698713759513,0.0,24.495796772001988
-6.196129996040291,0.0,-36.97030324212482
-36.98251714883944,0.0,-5.803162296492235
-30.602148727571315,0.0,-83.84410234988728
-5.511215967943948,0.0,-87.10075846611151
101.36566151579798,0.0,-62.173776240028985
-27.507855288002997,0.0,68.09600465639697
-29.530142946603412,0.0,-65.11174736117289
-2.794751708201045,0.0,-44.5671796928865
60.607080622001774,0.0,99.53181556836027
-84.55483945394953,0.0,-150.59587164519544
13.902026683164726,0.0,-32.493074801179176
-2.778776829233322,0.0,37.70237575920433
19.599401492093406,0.0,-18.725904838800147
6.153809954203667,0.0,23.984413271643103
51.96897305190977,0.0,-89.44312103527953
-111.19128439069246,0.0,76.41989533736
21.34129182100671,0.0,-47.10647953897666
-44.81264731623483,0.0,85.51412547514538
-37.302797704227395,0.0,-163.81691923010948
-53.39819154722808,0.0,-133.45717387664604
-12.609687983746543,0.0,-116.7900358267077
42.910695414244714,0.0,-31.008992517309636
-9.128457494921893,0.0,7.374166997132646
-17.131237625808435,0.0,21.007248760639214
16.90424924955191,0.0,34.94787424792661
101.56170638258406,0.0,-12.83434147076815
-93.1438234454685,0.0,-46.90441149303718
-48.73843698428269,0.0,-38.33949817605659
-33.69192626837138,0.0,-0.36628277301785717
-62.78862248606541,0.0,-125.71344232637934
8.342469235992798,0.0,-91.44728030028995
-6.23125878299814,0.0,11.910650272622359
13.39090408580553,0.0,-133.02046155409062
54.174753591155365,0.0,6.237985807275319
7.8012579363992085,0.0,79.51196192776885
-14.270094353914187,0.0,-97.16286441420915
-25.661575958364537,0.0,274.1084769022224
-9.382294370660867,0.0,121.67200502597224
-42.19443567082839,0.0,-52.77390778797257
-45.02628331740523,0.0,-19.83865687448767
5.273060457356563,0.0,-160.85619031496142
53.86171790025982,0.0,-75.5541363397443
6.796362485580622,0.0,-68.11120158451959
-42.823734470755916,0.0,-125.97887062560784
-65.73819653634261,0.0,-66.44993016304575
-44.20643389653215,0.0,-49.936907724914654
-14.914310713300674,0.0,-142.92314469531593
-0.05574344351133735,0.0,43.340348444793335
-33.77246605286927,0.0,6.91855655703472
-22.870608135347613,0.0,-55.11627201966175
46.63881846708868,0.0,-99.5265705079802
-101.19756983646381,0.0,173.430367140034
-23.333032999731294,0.0,87.51569486229914
47.74207461310502,0.0,53.281220655150555
12.54632581909591,0.0,-10.336753033982905
-40.82069884309498,0.0,-118.68875746727485
-15.451808859701757,0.0,-5.602993951428412
-39.97731430261054,0.0,40.80025571244131
-26.029640865128673,0.0,-70.18477068191201
-24.667135187213542,0.0,-46.10926058356795
-48.15987847052417,0.0,36.03287946159528
41.97108253058153,0.0,25.983694180211813
69.61760587678016,0.0,63.41722940446478
54.60725349080813,0.0,40.8173105558242
27.822076743775188,0.0,-69.89281293774111
40.075803306526744,0.0,149.74978720571144
-24.116685408303088,0.0,-158.1251696081459
33.750277527868846,0.0,-40.79331802707674
28.13250141842442,0.0,135.29586273319822
45.85960952688601,0.0,4.621438889844342
44.56506778148198,0.0,238.51845863938817
-3.3016381713604583,0.0,61.74429883555806
-42.48024255169182,0.0,-91.49068952819239
23.491156724392457,0.0,-93.30744320395945
-62.31917197922583,0.0,-19.31576922551801
40.646177448885794,0.0,-39.1249078683137
-43.57061368271749,0.0,136.49069060312215
57.70333099260748,0.0,-96.21357014958741
-5.365464525208111,0.0,8.690903827492694
-34.08057921969696,0.0,68.7813694350122
-21.685734852464197,0.0,136.72563158573337
-45.792172343836626,0.0,-23.833201808314538
103.5397224926349,0.0,1.2993285214701547
-16.887725991210427,0.0,167.51884994672557
-5.059979475810213,0.0,-20.173116862425687
-69.32868876938215,0.0,75.39718314003827
14.720089761623708,0.0,-62.92426589898424
98.61743181937904,0.0,-37.388251749646315
-51.18599707027145,0.0,108.07223790497424
10.662730663819135,0.0,148.0045648180674
5.120896335461303,0.0,80.54363703845678
-24.489316030632548,0.0,34.088329375816194
-76.32905334347471,0.0,2.9470134907661665
-65.19281857676496,0.0,-105.62753535116987
18.707638956829637,0.0,138.48631035813887
-16.7716147026084,0.0,150.60574639085613
-40.75994445768101,0.0,-133.29896478149382
-53.080652445347056,0.0,-23.88725911056134
-87.05677340884574,0.0,-12.178465650321348
80.29017274264893,0.0,8.597805298376846
83.80850250792663,0.0,-43.205826339428846
9.526079360664266,0.0,-49.38055751076948
-86.27016029490477,0.0,-101.82944216507863
14.09108304388813,0.0,-190.0738811233108
38.811887463084396,0.0,27.06233419749067
3.83541580622265,0.0,-45.012047117921554
13.957315376096807,0.0,163.36542837927672
-20.432154123102855,0.0,60.21358748969236
-28.90566377729477,0.0,95.00155115876467
-103.05617725573113,0.0,-62.165337324160376
13.079226945836792,0.0,-109.8671656588422
-50.226603777729714,0.0,7.113598150137152
-91.6449061567009,0.0,-80.44230050262678
75.84599094574274,0.0,-66.61725530472883
10.071809033078214,0.0,-2.0214041912530614
9.182678094910644,0.0,-21.96986848051721
-104.34503819701115,0.0,-34.41547418078228
16.812930246355855,0.0,-26.45258274417266
47.78330981492558,0.0,77.04697715367627
-20.423911477741715,0.0,-21.27257190910131
64.04022107803218,0.0,-109.76885585852314
30.79173406849089,0.0,4.101213685591094
-7.561407779567938,0.0,21.05758931479822
-14.814057797518402,0.0,-84.3054105387594
5.393794868772731,0.0,-126.60865248598995
-25.08015231694969,0.0,31.839953121127234
-23.07192091599923,0.0,-12.469197987644804
12.259501486620843,0.0,-97.09239908818557
-17.70918682365886,0.0,-56.09360133493486
7.21719928085313,0.0,-113.17293342109218
-17.078155414561333,0.0,113.380650235546
-33.31277716139087,0.0,6.48973045413398
64.30170733654688,0.0,54.447803280897766
37.8941444182907,0.0,192.3029429373587
91.10863907730453,0.0,-154.3620124064491
61.44728854404179,0.0,-83.66824971083804
-35.31584105292554,0.0,-138.2942602042466
-34.55532345388742,0.0,39.970393349869695
71.03857439383974,0.0,-35.98364326123781
-21.32165809570421,0.0,2.8160994318557364
-2.692731106631743,0.0,53.371333405360566
41.393088263142005,0.0,-112.59789526740477
-36.717030656144225,0.0,-30.793404743305583
20.16616953058469,0.0,93.38482660629084
9.375538715791016,0.0,58.8622898977034
58.743024689708214,0.0,58.83314009238199
-29.360670745914312,0.0,22.204012979990456
-89.64745303746217,0.0,1.599945637255601
69.89624370521837,0.0,-140.3942227747004
39.53976903551199,0.0,-18.340742587336663
15.776691108905286,0.0,84.54412468715877
29.265017132775363,0.0,76.97842516052587
-31.005061127603323,0.0,42.7791947041358
-7.233236571872196,0.0,71.27140041516886
59.05713503106643,0.0,87.94656333372802
22.62645652291991,0.0,-214.8341041657244
32.95137982609395,0.0,-35.506455956387256
-7.946175002715049,0.0,128.60182057249423
46.9773728256289,0.0,-35.6475907691327
-95.84618455246753,0.0,72.71377577490387
15.17571474617984,0.0,-1.8279607095752155
-65.90136715987099,0.0,26.888006074293234
34.45394541661245,0.0,-72.82345096130557
27.444364899886576,0.0,91.21895409492129
30.900137986555308,0.0,64.62373044647812
54.949788375880594,0.0,-12.979701456667959
27.742242936867946,0.0,-35.60945786706493
-30.6056225893061,0.0,151.86632877139542
-46.96631673753171,0.0,13.712877702063194
9.406009410308648,0.0,227.20584520521908
50.052816791444855,0.0,-10.057002683718473
-7.54824759655845,0.0,-112.05610107351437
21.298906730366856,0.0,-61.61065102072937
-81.83589813972004,0.0,-30.3319160748955
7.082302914038392,0.0,-141.3556818595424
25.92553506469033,0.0,35.194265971188536
-19.545629078396225,0.0,-67.95447721230363
-28.916438467715217,0.0,59.92059595873759
0.8581157740400734,0.0,79.74148161734156
-22.74285740757653,0.0,-107.3029782215519
51.29580529436699,0.0,-107.39924477002006
9.737827676843446,0.0,-44.862070601711764
-59.21088877344912,0.0,125.74462677945134
23.013107203370563,0.0,-40.20159164616595
-40.2699587350327,0.0,5.514240063883017
16.15800503521478,0.0,54.82151849321106
-54.67786233761282,0.0,-60.80699595755695
-22.56660272064516,0.0,-24.711808869482546
-100.2089482857665,0.0,-30.55440822143228
53.59817314534372,0.0,59.0604520580668
-7.747636253505169,0.0,38.940618495101994
-2.75675798884711,0.0,-109.68661251486124
-25.557545093788946,0.0,-18.555963827896683
-36.471414319675915,0.0,-211.16459748692517
18.545991440235575,0.0,-199.775411030655
22.635509608843712,0.0,-33.942971915446336
-69.73485022344494,0.0,244.70794909232708
85.11424515631455,0.0,104.321808234445
55.42958493577047,0.0,33.62760398077141
1.7944795863325784,0.0,-63.346761553072625
138.8487895270676,0.0,91.96477134366513
-15.693898216562966,0.0,-119.46033684186493
-0.4597374044145471,0.0,14.890267352925662
-8.013582996698226,0.0,9.744141035050513
49.16519807973178,0.0,-205.86208600136231
27.65824691709911,0.0,19.951407473206473
-14.19480272659154,0.0,-44.17548858691044
5.024818991986986,0.0,137.92519722630288
82.74322015467529,0.0,-66.88196288557992
3.0729834574449364,0.0,-63.73670022581924
-13.879079522689294,0.0,-96.74769568694934
13.374325676892418,0.0,-43.269022590526745
2.5288613333207492,0.0,5.82719665074365
-50.12663150710958,0.0,107.57403856125858
-28.191797629672173,0.0,47.945796336367486
-23.1268900890251,0.0,53.35291371197742
28.985835990798474,0.0,-19.175940443331793
-64.9983203785885,0.0,-4.063020455012541
-35.1092401636757,0.0,-95.34330614998979
-75.11598481983022,0.0,-22.261282362496218
41.3357052029173,0.0,14.734041941687723
-23.047922479461565,0.0,-14.784605428915452
12.3732148250009,0.0,-182.08533623237298
29.87723425539535,0.0,81.31934974937431
17.468467211074078,0.0,166.40537220757864
-42.403535330302766,0.0,49.219017352848496
-41.92097783565886,0.0,-9.095908989112854
14.586860861242917,0.0,16.96132508565345
-12.60045258588197,0.0,65.19989647628563
55.23854118937071,0.0,100.1416016275946
-62.98316320143341,0.0,-66.395036872664
-34.24252237371863,0.0,-36.125868834297215
-0.17075383254108398,0.0,83.52091087496221
-41.63216116494757,0.0,-2.9334926372585306
78.12269596650398,0.0,127.9003632030067
4.455143788908233,0.0,176.5519270449539
-13.941885908545027,0.0,67.01157487773446
18.226024486402697,0.0,204.87324893187366
58.24207690868133,0.0,143.03954899668167
-37.84351286568631,0.0,40.677783475244865
10.251023647943565,0.0,-29.962862324226705
-54.388388396307754,0.0,118.57641892987986
35.81535572893489,0.0,-25.028697772860955
16.130842971739927,0.0,-56.103085165992624
-15.925115901672502,0.0,-17.730656531056397
101.81281175690837,0.0,84.11800255849776
28.771127765353416,0.0,69.21583163323704
5.626112854773988,0.0,69.77409815993738
19.912750377373627,0.0,-137.10729279697406
-37.1678928187484,0.0,-150.09007230475663
43.15306972401918,0.0,-55.91513554988062
8.655525785037616,0.0,51.67675648581802
-27.95090323778683,0.0,-47.985271402079654
-19.698647504398565,0.0,-12.666680024466913
89.93041472378121,0.0,-7.3574481724194944
67.94022506987476,0.0,42.64817203977896
2.7407111585910586,0.0,140.40179666155953
70.03133844321204,0.0,-143.2687179149836
-8.192633718949773,0.0,-229.08983124822498
42.44992844857175,0.0,-14.303830657468955
-32.54902062082509,0.0,-8.823092505329297
-96.34568671286982,0.0,75.13766636126692
-19.10939531916802,0.0,183.1927373122564
-52.581126756581455,0.0,-35.39022894930826
74.57175159511314,0.0,-143.11245637538192
-53.846786633649955,0.0,8.003712089543567
-2.37622971938171,0.0,-73.07540540136597
8.267620693257607,0.0,-4.1687289258818385
-33.36288638181878,0.0,-79.8943801932882
47.40499109517508,0.0,-65.63923878339604
24.640164535737945,0.0,-23.776082904823728
111.32939498275856,0.0,-3.0074624082108468
-29.74051063515832,0.0,147.04729610218513
-63.765012158882826,0.0,-23.905665634370568
-14.214210225965973,0.0,40.24229207597559
-17.171425458713557,0.0,77.36671424626209
10.991410673706339,0.0,81.15224085960882
-28.11816299033144,0.0,69.24768276790674
29.951302364990624,0.0,-40.79488597484292
-86.83906945805737,0.0,7.909469188109729
-14.002004350070127,0.0,27.98307763007274
30.758842497099003,0.0,68.86148964551101
-52.20485155738721,0.0,-89.88175451148594
11.764321853933048,0.0,-35.59343652173048
-33.47317100567568,0.0,86.66090710919794
5.382197430471414,0.0,-0.01859910639711482
86.38908660569604,0.0,-88.7930371707351
26.146437130068485,0.0,101.69084124086821
-19.846210242639447,0.0,63.517606095604364
-33.49508417160798,0.0,-211.76184354320128
29.493083213323512,0.0,-52.91613344685963
-60.583447142629396,0.0,-64.6504051090118
53.85278856721515,0.0,-58.05794597536017
26.448120329270896,0.0,-75.94336738433246
63.600856044782304,0.0,-26.853110752565904
50.14044454366253,0.0,58.4571947022499
18.47231801070757,0.0,27.341559316747933
-14.24008979886206,0.0,80.72749088839367
-13.544863594291831,0.0,35.04363806256099
30.587750229373732,0.0,134.81608498760232
-113.73111020478359,0.0,-28.478091120934224
-5.714247096605099,0.0,-5.443317812964116
-4.542537697053482,0.0,-54.402955890188
63.07154068937505,0.0,-20.960923919952837
-3.6766994252300242,0.0,37.12403091810123
-84.80182909288774,0.0,-167.5157106091411
6.307482188885494,0.0,-30.65639503144301
90.29745983248047,0.0,-6.070187360623862
-12.109485616107216,0.0,-28.699312295762507
21.188185570975133,0.0,163.9128431267377
5.375050998471781,0.0,-67.54250940993789
64.88688823677519,0.0,-60.52111746724472
39.6425682076161,0.0,58.88047707691314
4.798809552141976,0.0,96.95260813209596
79.12323541152274,0.0,169.53199382815748
-16.98339100343422,0.0,147.1279568227743
-47.09931258618138,0.0,-110.03258031477193
4.3009886148276175,0.0,62.3418863168159
73.95140635756837,0.0,-4.6318704179777725
42.0730090814423,0.0,-35.41254554617074
47.430571224056784,0.0,180.82639682576286
-6.7533508836206515,0.0,-38.01993802091751
-54.11975295901755,0.0,48.601055044036606
-104.5026430921969,0.0,-126.84736826599334
16.504115164578824,0.0,-130.4908357499556
4.170979354543046,0.0,18.09412311837116
100.76166548644,0.0,55.86065761122071
-34.09256819858354,0.0,7.364322721771747
-64.9067367314002,0.0,-167.63962641801209
47.01257894373387,0.0,66.03446451574426
-89.12451322653004,0.0,70.11495599416251
-41.81425506872476,0.0,17.88023046448653
-3.7267059685884987,0.0,-10.950728539305953
-2.3517423552422883,0.0,-120.36716758644444
14.379023779359157,0.0,29.31815730511194
72.10309346704844,0.0,-49.689532510218115
89.63525886834626,0.0,55.50021392546136
-34.37157428195478,0.0,112.63306912227398
-10.616933264070168,0.0,-139.19384431209946
68.07367765930948,0.0,-67.61381889216733
54.170197271387146,0.0,-68.68210910677874
-38.75268890141053,0.0,-73.40512106490664
-48.78721020457903,0.0,-38.57028711154038
34.56923795395332,0.0,-115.69391836694766
86.2460193651844,0.0,22.780041057209218
-27.383129153641626,0.0,-130.1127659965621
11.516021956834672,0.0,1.7151005453019803
-8.489152161358582,0.0,98.65752600574189
-16.021723412895472,0.0,31.837694452427602
-86.53461141097924,0.0,-117.11385044294737
-84.11579145718683,0.0,-43.61518153163648
58.79460415855956,0.0,-30.205182642380638
-0.5858894004110539,0.0,50.92037081115746
-19.3497097189065,0.0,65.88091467010432
45.96646519413935,0.0,51.97219759622877
74.89235150963516,0.0,-27.40273833902896
20.62826144691832,0.0,31.510258847044597
-7.9840349035268074,0.0,21.50268690327005
47.30878520431265,0.0,29.381889103114098
10.068101646835089,0.0,12.297004920440317
8.874189888122633,0.0,61.71963399574864
83.31740282021424,0.0,27.182492095396118
79.47175892332868,0.0,-6.0573725694202665
9.02201057398296,0.0,-68.20297513949859
4.679910579619052,0.0,-76.78475982948112
-8.457951548135476,0.0,-95.392368944957
-36.21035960243654,0.0,37.706951828990356
26.051537431523414,0.0,-220.59953603986472
-28.306363784450596,0.0,89.87242489566586
-34.77700505925839,0.0,96.7053224996111
-2.385358369537723,0.0,162.74535660981942
-22.058794216610703,0.0,-40.312424487404776
-55.40643034213345,0.0,-40.618466197767205
-32.785608894732235,0.0,-45.09168783374871
-15.05455780982928,0.0,106.0810223415243
70.95935078067492,0.0,-60.902850962398205
-7.755387764232931,0.0,-86.55274389049862
-29.711359694029092,0.0,81.42300169515835
-37.622463948434444,0.0,72.87641548865545
34.305809571252595,0.0,-160.5477697570696
32.450471772610896,0.0,61.325320124484115
-76.54098448715533,0.0,-11.595658627698624
51.78749435523875,0.0,-74.41783488851577
-16.988172890623847,0.0,22.42419614036528
47.99127120453627,0.0,-32.371828312543144
-65.98747843853623,0.0,87.88352693440342
44.80083009932863,0.0,53.43693146309865
-79.2304282620621,0.0,-85.56146555305996
-25.963284079789783,0.0,-44.31949529239734
15.608888785506187,0.0,-311.70615537358134
-27.58391886333617,0.0,64.67398393861359
23.13094462373989,0.0,65.66810595355967
-79.15454366693446,0.0,72.60104839562752
-29.451090542336516,0.0,-131.40293235479675
30.359880784655225,0.0,104.93111793815052
-28.669067695109206,0.0,8.759782668364737
50.64932484542841,0.0,49.04741014142576
-29.143254228703615,0.0,-45.89633615974222
-10.032757346796082,0.0,-62.935298152053434
-7.421929254781423,0.0,100.4958666150212
36.549144479261706,0.0,-8.170074141683925
12.256840840181361,0.0,52.51468825318255
-60.76380177665275,0.0,136.78224780540583
-18.528270110779353,0.0,-86.62376183680536
-36.089412866591566,0.0,23.0256668130984
9.40716048569021,0.0,-2.345153223543271
4.122596369422384,0.0,15.399328641769147
-87.5668997614984,0.0,33.0268964423116
30.68415889420865,0.0,34.640151877040545
-67.31064467745811,0.0,64.12392812364104
72.4389189576044,0.0,48.589605113651466
28.629331573368646,0.0,-36.200937197770365
9.500849102581958,0.0,-272.63238420275326
-44.90727639963333,0.0,1.8852903217073322
-27.511267860793083,0.0,137.67005470684074
10.293523356609318,0.0,-126.35436094059007
24.072307980539595,0.0,3.1691625884753405
-60.10100272809502,0.0,12.991443436751004
-28.23919223955723,0.0,-31.293360158052977
79.93451816729558,0.0,87.29581453462858
-25.871276433573424,0.0,5.430662890138875
-21.55787873522341,0.0,57.217820606178016
2.4824994445028894,0.0,86.1377568767061
82.78517083116111,0.0,-25.959802560074042
-29.80972026254883,0.0,-0.20239188171324152
11.977448350258937,0.0,36.09642056181449
-0.08964847885936768,0.0,-143.21626727758638
2.9262171694262316,0.0,-117.22809586681885
-35.00557147388961,0.0,128.3986439626146
-36.713240025320296,0.0,-42.402452627907614
188.8824290662145,0.0,124.54212901767814
-20.531243665769612,0.0,90.11926240592443
26.866088028395886,0.0,68.59477159265644
10.4180118278905,0.0,173.02415881440126
33.389373382123296,0.0,130.61124521892526
-41.59130927453129,0.0,133.13383427162188
-53.54131530898209,0.0,-35.09189166768067
68.37644602440108,0.0,-250.82961244885865
26.115329309909686,0.0,62.25416293202982
11.413592591885333,0.0,34.314738856314996
-2.2128333321242972,0.0,-24.273183589003338
4.420738065716604,0.0,13.774784961194408
-5.797851922608732,0.0,20.342353713860298
-1.6669767898765786,0.0,84.41481543879631
-32.08597681879006,0.0,-61.46494160006685
-104.08232390559394,0.0,39.00626144300556
-38.64027136007308,0.0,-30.456496039890727
15.00273383454109,0.0,-15.775533930128097
-59.28332634977217,0.0,80.108567980023
-40.24642019822609,0.0,83.56776364921981
58.752327178437824,0.0,23.626852995851166
-55.46274059243957,0.0,-29.087553888247385
-10.167757562420324,0.0,113.61869400474086
-22.44071039542818,0.0,-254.0022108645703
-9.006597578154166,0.0,-269.71767708039357
-17.35783840074789,0.0,87.44998857123528
41.26595516431685,0.0,155.59127308927913
5.190980743575682,0.0,145.25761851474735
36.848651499844266,0.0,-2.586392939647763
-35.04783902546408,0.0,78.63362090722384
57.08049676182539,0.0,-54.02002567464937
-38.69224648615734,0.0,150.9725488422491
21.289681010071774,0.0,43.53961074274544
8.042750431866256,0.0,55.5821994867074
-37.51189402069785,0.0,37.652136820417276
-18.919846023216486,0.0,-106.85505363204402
-92.29482842638382,0.0,46.92987744880405
-19.631689755143935,0.0,-52.88810789640856
-91.31482794158295,0.0,-0.6336863173500282
-6.5384411113506955,0.0,-114.18772208638684
-83.65915896950816,0.0,-59.49331813651856
10.294169430702048,0.0,-55.536088399759244
-55.43465167838806,0.0,117.22204585968389
51.71830133658612,0.0,-41.93960952326241
14.218178473870942,0.0,-169.8166977821474
-69.92769751386699,0.0,0.7962118433634203
37.37079270748583,0.0,-28.804521187880695
-26.75336972024467,0.0,-14.662536310611024
4.198452549713497,0.0,-27.309086128996164
-3.3986661970481924,0.0,51.35826051218226
-21.353626938975744,0.0,-59.32990556913445
-170.22018542327731,0.0,134.547334384483
40.25463742291035,0.0,-122.65579664546665
43.06969840670009,0.0,112.87667157920511
-51.60052962111651,0.0,-3.5671801708480695
56.15540924576039,0.0,-27.892736998819245
43.159470228681144,0.0,47.669083941866965
-74.11897214891732,0.0,260.2905543033342
75.51331302968273,0.0,12.248051222818402
-53.506369646241815,0.0,-24.669802790970145
-18.943209529854887,0.0,130.60596154697623
-7.1101559754126145,0.0,-9.751573604596205
43.6309682375591,0.0,-71.0557362960427
-8.25646948369619,0.0,6.70333977129461
-3.1490214546874022,0.0,201.1621965340745
33.662267757422725,0.0,-3.0698490825122904
42.1465874743973,0.0,34.237559314894725
-63.611219323957016,0.0,-134.22485673918516
-68.89330451370591,0.0,-44.10256890369287
53.68786135663509,0.0,-76.49630985612629
65.7479991968434,0.0,59.52452946596172
-53.95465595745513,0.0,67.39317910163454
3.038065199117297,0.0,-104.45404673785501
-13.768447754812652,0.0,69.41015462135192
-13.239909875465797,0.0,284.728842133906
77.97843136996838,0.0,-210.1795224818895
10.65655284669284,0.0,-62.276468193252555
-53.596054126575524,0.0,30.815983162470538
-142.4228702822505,0.0,-26.323886186734185
10.846540281625003,0.0,84.8235129137336
-27.769795563474986,0.0,113.35871349618478
-42.856444357290535,0.0,-50.39389647616344
74.93809826402743,0.0,82.70063089424654
64.93621369143322,0.0,66.48108971549726
-8.939971070447733,0.0,25.379054847603246
37.78253866399181,0.0,39.67441831074689
53.807624478782735,0.0,84.60698310481051
39.461639317718856,0.0,23.21593991644939
-17.370795387828636,0.0,-17.694263210942893
-2.9337933222062595,0.0,12.167504517608316
-96.6591561183661,0.0,-193.185043684326
29.41544506104268,0.0,48.27530758385396
65.55983857413324,0.0,-161.74749591472693
75.91693124403425,0.0,103.8008331974146
8.215043591421036,0.0,-123.77650088351737
-38.09673460007201,0.0,-33.823432506613784
56.373121407268876,0.0,144.0272993648807
50.02209876171868,0.0,-51.60715337074294
-51.408472767942484,0.0,-48.029387193633575
-112.81540605798122,0.0,87.55828183840742
9.87740320214997,0.0,-59.2707812331595
62.819679217768254,0.0,-96.98823820630369
-33.867669553601836,0.0,-3.2831665704657085
76.1368801112857,0.0,-76.569478856877
-3.3696740033195365,0.0,62.10761477276108
-136.7455292069387,0.0,16.320491053835546
40.182168052247775,0.0,88.29452444581199
1.3750238615325423,0.0,21.580241696511507
-33.72382031000956,0.0,56.5598718936151
-121.54091103463693,0.0,76.16704682896433
65.46419107827096,0.0,51.851308582541854
-39.14887964709897,0.0,64.27785266860916
36.89561230384238,0.0,-38.188452534932196
5.907967315567895,0.0,106.81688733206627
-24.477803400242255,0.0,14.59392625058318
-118.61806020016634,0.0,60.373563422018634
59.688604266536814,0.0,-1.1856151493797011
-23.403622098764032,0.0,-15.826313945736752
50.20183746612631,0.0,-46.23688455621619
5.087287965058852,0.0,32.45165489549239
13.054296030495818,0.0,151.784783136956
37.36511653038259,0.0,60.07927706073569
16.66156592808143,0.0,26.259442496610795
23.679769135312068,0.0,44.545169608148996
-9.86361449410296,0.0,76.63199036328237
-19.939704632549905,0.0,-11.645305179283891
4.833212653622274,0.0,-152.74318463576998
-13.402122586491103,0.0,9.54623011417812
6.871278735091135,0.0,-56.84885296969378
-65.69523223741058,0.0,13.94171840440698
-0.7715004799717661,0.0,188.66679708806134
-19.623864013177855,0.0,-8.729340712495084
61.5236938821591,0.0,24.363434963995342
12.400474284753335,0.0,-97.5057968235645
21.47383124812887,0.0,56.75509163327985
-48.2322814785043,0.0,-124.82220480413105
12.36557068806722,0.0,-4.737578349426046
-22.04284651819527,0.0,-178.3223222563084
-132.92565264984106,0.0,-27.14399741684573
41.8490381380814,0.0,-22.10731777425808
43.31786030456448,0.0,-39.432554072031245
-73.4419941803077,0.0,-158.52574483880144
8.000664517892057,0.0,107.01497673577317
13.966392329370573,0.0,100.25960417115319
20.226041507562407,0.0,-25.809951686861652
-4.791997029873124,0.0,-208.60842378197384
8.214807146361537,0.0,-109.67048141721594
85.59497042567463,0.0,-21.729783436342466
-0.39715601645105986,0.0,-81.03626333973023
32.15611634228704,0.0,-113.99693427254302
100.99640755017514,0.0,-80.0883214489028
-39.467599518832856,0.0,68.74521418864292
-58.595731115739646,0.0,-100.61725069678256
6.346330776028617,0.0,78.98306567172075
-23.773866097821656,0.0,222.8379337519762
-18.138247452042826,0.0,79.05386738169614
-125.5424486099505,0.0,33.07124947923029
-15.160842498895006,0.0,60.791973113307364
-3.6507133015797493,0.0,62.414472602320416
81.44538750881918,0.0,27.115361633200283
51.568646991971555,0.0,-5.767232496738593
40.49370060922675,0.0,-65.28326430465587
68.6277192035681,0.0,-128.45295569502915
-100.45751619085954,0.0,39.474884975484976
6.987662830578978,0.0,0.2596464597496723
36.104317122641106,0.0,-6.063127607262315
-43.035055804687175,0.0,-144.15298876534268
11.656844121672385,0.0,31.234199441793304
21.687924065233098,0.0,91.67780981352153
3.569365755045862,0.0,-74.20637789661369
-13.062454899707113,0.0,12.147002393548718
-58.98079006710878,0.0,-122.11558507408758
-18.98066027365602,0.0,14.790680379876008
15.029773146223482,0.0,-45.83534898150623
50.740303348651814,0.0,149.32131554612857
5.167917661338879,0.0,138.0612369467171
-51.163194271666626,0.0,47.781320304590885
-49.565726763428515,59.541647955155554,-75.92506849306955
32.942307566662684,60.211227703372984,84.34382735089271
40.101296235138086,-57.370496789365,198.11778389674274
64.047356597395,-1.954903941235178,-100.83924545440357
-11.17828897105156,-18.55531382518307,-39.33465839901631
21.351177807991682,48.18231768714259,-232.24630452639198
1.9459349892041862,1.04790620612756,35.16535616817816
-70.84015261156426,-32.362106985690694,-74.46663639588024
-26.647817692983555,-3.8220596495910497,12.033355895937024
-17.33852772970889,-46.68529133546131,203.5634542788153
-67.93815278629886,-8.755937065581637,116.09639735483842
29.945240345141123,19.44475640176677,-202.1549489779224
-25.088071612788177,-28.84318193455424,18.048361614870444
-21.043467646441172,-101.62622550196008,-141.1281317768633
-23.039361587175357,-77.53636620057026,-82.71950837850645
28.099922103407664,-55.50707286415777,-39.11733078557849
-50.70323103600717,-38.3441461750425,-133.2364480152261
-32.831801421472704,67.0221217744032,95.30962566723638
-72.31781348155326,31.558033271925357,68.77626332224213
11.804302308245084,-7.258810522486827,-86.99189369534979
6.23739740092851,7.741932751195263,21.71472063465141
-77.89056015394544,66.66023189001028,2.1006084301115426
69.15630430139359,-23.756226218875558,80.54090989718246
-26.949143870449788,50.59948359298387,-51.29068672692172
-40.060460187510245,53.135674308996606,-38.4432791987686
-9.078699914066647,-2.1126536517638255,47.72546864056628
20.04245814739927,-106.62870504404307,175.39133803339652
45.57434195669809,3.7186694431055587,120.6450112235382
-11.786950141562574,-49.40930727444551,-1.3531652962038099
100.39129593744372,-52.54590698401176,87.79556152095765
9.600300167543079,-88.15235234256791,16.094613004362486
4.954996224323514,7.927508320863706,-1.0995053770629881
-8.632294957747835,59.889793840127105,32.569211164141514
74.95111851133402,55.21371118826921,-40.342543333079526
-19.276921007695112,50.16522119062936,-135.94047759750052
-7.8311286318454565,23.18326629030024,-70.69934628359697
-36.34639135360748,-20.5635640355562,-167.74040566312846
-39.07129563205077,20.163548693155235,208.66514005673136
67.95598634113276,-6.054656860452335,63.49274720641121
-52.35707418793819,-12.726782093825669,88.59934044591981
127.90284296664257,-6.8230848283849,90.33447216421682
72.18160941092934,8.51392830071125,-150.17769001576877
-7.474072487989433,22.499474106297175,-52.46684657280437
20.136484041932512,-25.88616229868133,59.49433734903216
19.176924127661735,65.3818064329731,-10.674209192619088
-38.13960662867124,80.33253071096588,52.987759781356004
41.43574385742142,-108.0132363315544,160.615469165837
46.40561591020787,-59.971139731027066,-142.20076521599773
-63.49546080655912,-19.10371731018434,-61.51105940388435
-142.1443240876434,64.30985621067855,66.93277342393932
19.029753709834132,-0.16344954512688528,-23.277419776263685
-62.02741288976989,6.362133586747218,-82.17827949277364
-68.30161736516726,56.80678322905612,91.72621889321282
-41.82888807702385,100.23185579125207,21.155104430708356
44.446660914723815,38.47124700145118,-100.7793779439124
10.638614202480271,-23.980897517974547,97.40639103038127
28.85715864412558,35.938086518772515,27.429037822794758
-21.252153664440854,24.6539678568513,-34.26556490497322
1.1885748430783316,2.0617682447875376,132.52255190203877
75.5006427853022,-0.5187593989297675,41.94549907124591
71.77362723629678,-61.47191650750543,-191.99921961723243
-30.093247284632852,24.060083766660874,-55.55601359742858
-35.153586126895675,91.78676109647597,-66.8296275398843
2.433859458125338,-32.618974249835915,28.805998579411
-2.3733802008375635,29.743445204810513,-92.31586302749912
58.3000944045813,4.39356683218826,54.390794658949815
-68.01348966046473,39.45978483672432,224.0657997933264
46.53395527584524,46.671193730442134,-52.19652312053683
-5.093207007300657,-6.317935991761589,98.37684279405752
-44.43811914396599,-77.72206757366514,54.63073325477339
107.5391663897077,-75.33366932794475,-16.085669042315835
-1.3668447895649294,0.20257579065488715,79.22521303972201
5.2439881170949745,18.32447617988789,-69.15831435883777
-31.443537108812965,-71.04960442675389,18.488776970102943
-7.876153804061083,15.513224532725802,118.56049782499116
-16.890165772212384,39.63867374469104,257.39300513430584
15.903377807185997,3.2030579837018167,105.03074196430462
13.42675838689346,44.43336058938229,-120.76576373319763
13.324836401193018,17.799706623767598,-150.8483272803966
-47.44148211563008,24.067593271151114,-178.97308330800695
3.3353582233727823,47.16713427803024,7.768518574658252
7.528437887585899,23.826098465235457,148.36179639528237
-81.04705407213369,9.712389703145591,-89.32888667987791
54.15637413732938,91.60838121498679,56.08011379514489
45.90074581306878,7.410007238526138,18.64198946099873
23.954407670834012,-13.679182990718633,-20.79516847716827
-86.8224969495774,62.45660531611191,98.80668300977024
9.407539635976496,-2.1923100433907496,-54.58339622868848
69.73826539635232,102.10172858584798,184.64219835901153
53.28075270224923,21.716785521643033,3.5220992523442183
24.43400769359685,-31.71025554394678,-116.54346733035085
-48.28867783353335,-70.11310059491318,-67.30693786106225
76.45844108617673,104.70165503651533,135.51719840334243
60.64046854359872,44.031312779594764,-130.27604850681757
-7.200547904243819,8.676834244135591,-36.241776797686754
7.609508727615083,0.8355554566396676,-10.763144047249025
-19.03228585055454,-5.99445869790981,-100.03799778022409
-37.50161892894337,-65.90778548121078,-23.1331256680816
-30.56897857938289,-25.869543034891635,-48.528495018132695
-13.50936855500465,4.195991605925067,38.46906788806015
